date,actual,predicted
2013-01-04,206.94,206.98870022522445
2013-01-07,204.29,206.71547770532092
2013-01-08,210.84,211.43620681050476
2013-01-09,216.45,215.24768233243637
2013-01-10,214.5,214.62477709418718
2013-01-11,211.26,212.56860002740615
2013-01-14,209.42,210.99698158557842
2013-01-15,210.85,212.0840689828759
2013-01-16,206.0,209.6315006195781
2013-01-17,205.13,208.16993152159137
2013-01-18,203.76,206.38688522386335
2013-01-21,197.31,201.34616469778942
2013-01-22,198.83,201.9871930603115
2013-01-23,198.98,202.27002289278812
2013-01-24,195.96,200.89016907189307
2013-01-25,189.05,196.17162589220808
2013-01-28,178.5,188.46812717170798
2013-01-29,178.16,187.038070491173
2013-01-30,180.12,187.0813725463324
2013-01-31,178.9,186.3931187094702
2013-02-01,178.98,186.2183006099321
2013-02-04,175.13,184.67991357422378
2013-02-05,184.43,191.30134679319082
2013-02-06,183.93,192.9352232559147
2013-02-07,185.17,195.21905487320518
2013-02-08,187.86,197.26519996966178
2013-02-19,177.92,190.08333457033606
2013-02-20,177.9,190.25030655365174
2013-02-21,180.02,191.10669918078716
2013-02-22,185.59,194.51927031827935
2013-02-25,181.09,190.26520934223063
2013-02-26,177.37,187.21447621634638
2013-02-27,176.77,186.13253476684991
2013-02-28,175.0,184.78873819974265
2013-03-01,173.82,184.08638969520445
2013-03-04,174.72,184.40430006622478
2013-03-05,175.0,186.80795491664864
2013-03-06,177.22,189.41745855149043
2013-03-07,183.86,194.24140372942344
2013-03-08,184.13,195.38083540596554
2013-03-11,185.2,195.64982016907712
2013-03-12,182.18,193.85950751358672
2013-03-13,183.83,194.48449249395193
2013-03-14,178.94,191.3690339882159
2013-03-15,176.97,189.65284450253822
2013-03-18,169.45,183.7717193008348
2013-03-19,165.18,179.87402357755212
2013-03-20,169.91,182.3398155847279
2013-03-21,166.78,181.08947840918168
2013-03-22,169.05,183.11675220939705
2013-03-25,169.03,181.75639817703046
2013-03-26,169.88,181.49028132089904
2013-03-27,166.79,179.05802521190984
2013-03-28,166.82,178.24608580016778
2013-03-29,168.86,178.88771151963957
2013-04-01,164.95,176.34542717298183
2013-04-02,163.71,175.1080426962702
2013-04-03,163.85,175.4415184312302
2013-04-08,164.32,175.82738510437645
2013-04-09,163.6,176.776239463846
2013-04-10,169.96,182.0840428455998
2013-04-11,168.92,182.5456026849205
2013-04-12,172.23,184.758224524853
2013-04-15,172.74,184.48210754393548
2013-04-16,173.16,185.48380430777604
2013-04-17,178.49,189.4747955211296
2013-04-18,179.15,190.33305830311465
2013-04-19,179.23,189.80371724175632
2013-04-22,173.71,185.5115897345676
2013-04-23,171.81,184.6887464711032
2013-04-24,174.87,186.67186517591315
2013-04-25,176.7,187.44031803681787
2013-04-26,173.99,184.39737256858822
2013-05-02,171.11,182.90900402695658
2013-05-03,172.45,183.97864083528881
2013-05-06,177.8,187.44364160437394
2013-05-07,187.69,193.6061278425288
2013-05-08,188.89,196.0918265594772
2013-05-09,197.18,202.27937562918032
2013-05-10,197.11,203.29167414159537
2013-05-13,197.68,203.61159273536276
2013-05-14,191.19,200.58783114350618
2013-05-15,194.66,202.9159234979602
2013-05-16,194.85,203.6947159461416
2013-05-17,195.91,204.14665247778504
2013-05-20,195.0,202.26483578221763
2013-05-21,195.02,202.7708885767051
2013-05-22,199.47,206.32283924426113
2013-05-23,202.44,208.5935799190264
2013-05-24,200.93,207.7779012840697
2013-05-27,201.63,207.33984032448726
2013-05-28,202.14,207.39171523443542
2013-05-29,201.49,206.8756587362759
2013-05-30,200.25,206.20330511001956
2013-05-31,197.1,204.06144118644687
2013-06-03,202.08,206.79569692374193
2013-06-04,201.7,207.32175990152217
2013-06-05,201.17,207.38013716706692
2013-06-06,201.66,207.32595308139818
2013-06-07,196.26,204.17948495837115
2013-06-13,194.71,203.1605238788324
2013-06-14,194.02,201.92401049245916
2013-06-17,189.48,198.9743782605658
2013-06-18,191.65,199.97742759196467
2013-06-19,194.83,201.49206776684983
2013-06-20,191.74,199.07986737460365
2013-06-21,191.17,197.98393707554305
2013-06-24,185.62,195.45711143859774
2013-06-25,189.84,197.2998175042937
2013-06-26,188.72,195.1310059458554
2013-06-27,189.58,195.63445546039026
2013-06-28,192.37,196.41959637791845
2013-07-01,194.29,195.81078743015988
2013-07-02,197.95,196.31099074620766
2013-07-03,197.97,196.6346700624319
2013-07-04,196.62,195.75410028826724
2013-07-05,197.12,195.57533347447995
2013-07-08,195.16,194.789236287172
2013-07-09,192.05,192.3832376438844
2013-07-10,193.84,193.66543877794547
2013-07-11,195.97,195.02846440681554
2013-07-12,188.81,191.12105817535763
2013-07-15,187.95,190.3300475135632
2013-07-16,190.95,191.32138109760558
2013-07-17,186.92,188.36835153156983
2013-07-18,185.07,186.71392996476567
2013-07-19,176.01,180.59291195704103
2013-07-22,174.88,179.02707377959408
2013-07-23,179.59,181.41414102228003
2013-07-24,174.62,178.650783210556
2013-07-25,178.74,180.97638793208716
2013-07-26,174.97,177.7781152878417
2013-07-29,171.32,175.02209984090732
2013-07-30,168.43,173.01100758416194
2013-07-31,168.5,173.20043610365548
2013-08-01,171.89,175.37721142214752
2013-08-02,176.03,176.6922827588989
2013-08-05,175.5,176.4997882031757
2013-08-06,175.23,176.57412368384118
2013-08-07,176.38,177.10986605003134
2013-08-08,175.16,176.32762584032494
2013-08-09,172.83,174.88027613361632
2013-08-12,178.31,178.7066489150203
2013-08-13,179.95,180.11766937371914
2013-08-14,178.69,179.06322745498457
2013-08-15,177.46,178.33677971927003
2013-08-16,174.4,175.61770058688649
2013-08-19,175.17,175.64352803106354
2013-08-20,173.61,174.44528205539268
2013-08-21,174.69,175.0370726507829
2013-08-22,175.08,175.05308452126556
2013-08-23,172.99,173.36290412118979
2013-08-26,173.94,173.73492456011374
2013-08-27,173.15,172.83682283648466
2013-08-28,169.9,170.54613822267717
2013-08-29,168.48,169.5652706342858
2013-08-30,168.78,169.15548319776903
2013-09-02,151.92,158.5011352666744
2013-09-03,151.66,158.0581961348722
2013-09-04,152.1,158.07019182773982
2013-09-05,150.27,156.80638108093834
2013-09-06,150.28,156.82765316038527
2013-09-09,150.95,157.32875202880405
2013-09-10,151.62,158.08082475362946
2013-09-11,152.57,158.7084140265629
2013-09-12,151.73,158.01932625657523
2013-09-13,152.02,157.6473096120931
2013-09-16,149.65,155.24893317982657
2013-09-17,141.3,149.46739078376498
2013-09-18,141.9,149.48988588764936
2013-09-23,140.81,148.58788622590288
2013-09-24,136.8,145.7240453273785
2013-09-25,135.16,144.19597996207207
2013-09-26,135.42,144.16138414266644
2013-09-27,134.06,142.96462420679927
2013-09-30,135.94,143.77490936196128
2013-10-09,136.99,144.31741711414816
2013-10-10,137.04,144.29713838571575
2013-10-11,137.52,144.284060146685
2013-10-14,139.65,146.1170861886403
2013-10-15,144.25,149.17312448710726
2013-10-16,144.24,149.26914940428088
2013-10-17,144.19,148.3195400041079
2013-10-18,142.98,146.824503926101
2013-10-21,145.09,147.97383231099735
2013-10-22,143.42,147.29768049971594
2013-10-23,143.69,147.35790986351734
2013-10-24,143.71,146.73455153339808
2013-10-25,136.73,141.47105999674685
2013-10-28,133.97,140.04529327430288
2013-10-29,132.8,138.70398518193727
2013-10-30,132.59,138.48539269524733
2013-10-31,135.11,140.24643680388402
2013-11-01,135.18,140.4054692267449
2013-11-04,136.34,141.31048346809996
2013-11-05,138.11,142.0656599637181
2013-11-06,139.65,143.07857386983807
2013-11-07,138.97,142.65689942291147
2013-11-08,136.14,141.11805275445184
2013-11-11,139.55,143.8405694300186
2013-11-12,144.84,147.22235136360848
2013-11-13,144.72,147.51595313607095
2013-11-14,144.07,147.11661868004825
2013-11-15,143.44,146.6045559268183
2013-11-18,143.49,146.41008859491308
2013-11-19,142.82,145.52741839190722
2013-11-20,142.06,144.46166027051925
2013-11-21,138.66,142.2366641652495
2013-11-22,138.47,140.9787594646768
2013-11-25,140.93,142.32687237334352
2013-11-26,139.98,141.8873979592945
2013-11-27,139.95,141.85441424993564
2013-11-28,141.83,142.7223862371206
2013-11-29,141.44,142.12992950252817
2013-12-02,136.78,138.51854912705537
2013-12-03,137.58,139.18447396896104
2013-12-04,138.48,140.61938963197713
2013-12-05,136.99,140.29711872275388
2013-12-06,138.75,141.14852812898945
2013-12-09,137.94,141.05635858042615
2013-12-10,136.95,140.67111601500528
2013-12-11,136.39,140.31712601151008
2013-12-12,136.4,140.20180769454032
2013-12-13,136.4,140.14813001859744
2013-12-16,132.97,138.11094282413694
2013-12-17,133.21,137.0536564472297
2013-12-18,132.49,136.25393256362605
2013-12-19,131.15,134.72500097685065
2013-12-20,126.65,131.50416464283407
2013-12-23,126.51,131.46961243364572
2013-12-24,126.61,130.88853258391572
2013-12-25,126.26,130.59151818358887
2013-12-26,124.74,129.77951368485034
2013-12-27,126.2,130.16901560975387
2013-12-30,124.46,129.31332483323735
2013-12-31,128.38,131.85098666337842
2014-01-02,125.98,129.99061643394458
2014-01-03,123.98,128.43842452406963
2014-01-06,120.73,127.16587365872357
2014-01-07,120.56,126.41972217418183
2014-01-08,119.4,125.73877300850373
2014-01-09,119.34,125.6018303194079
2014-01-10,119.27,125.45056812391792
2014-01-13,119.89,125.49506731074855
2014-01-14,121.31,126.1863480606859
2014-01-15,118.76,124.87011085379113
2014-01-16,121.99,126.65118894681652
2014-01-17,120.3,125.75757277485835
2014-01-20,126.79,129.7607234449184
2014-01-21,126.99,131.0487276777844
2014-01-22,134.17,136.10455320047154
2014-01-23,134.09,136.30497485961368
2014-01-24,135.5,136.7188677971566
2014-01-27,140.75,140.10995242540102
2014-01-28,139.22,139.00443315527468
2014-01-29,137.01,137.34547972044084
2014-01-30,132.2,134.46072616242608
2014-02-10,132.86,134.25990370399637
2014-02-11,134.04,135.91760622972598
2014-02-12,134.15,135.771648699293
2014-02-13,135.67,138.0872766614257
2014-02-14,142.9,142.415028721389
2014-02-17,149.98,146.89994956108086
2014-02-18,147.01,146.10655045394486
2014-02-19,149.53,147.50141440434692
2014-02-20,148.99,147.00772789193164
2014-02-21,149.08,148.0172993284876
2014-02-24,147.62,147.48355926697658
2014-02-25,142.37,143.31807693935238
2014-02-26,142.03,142.09795692737424
2014-02-27,144.95,143.93025694557454
2014-02-28,150.02,146.6115253734195
2014-03-03,154.93,149.46504369906066
2014-03-04,153.4,148.8109028194458
2014-03-05,159.84,152.95638927087998
2014-03-06,162.0,155.35137523187123
2014-03-07,165.49,157.85548748752493
2014-03-10,156.94,153.83829797305643
2014-03-11,162.18,157.75804806733746
2014-03-12,158.53,156.24163885634212
2014-03-13,164.87,159.7235265335937
2014-03-14,163.87,160.67045706312578
2014-03-17,166.47,163.77655502581464
2014-03-18,171.32,166.22794162242585
2014-03-19,174.37,168.57869967969438
2014-03-20,169.18,165.2706945238739
2014-03-21,171.4,166.33274909394075
2014-03-24,171.29,165.8690414161606
2014-03-25,166.81,161.87513961497189
2014-03-26,158.49,155.58677527342346
2014-03-27,157.66,154.4694455863829
2014-03-28,152.64,151.1135350244721
2014-03-31,154.7,152.1127215392643
2014-04-01,162.49,156.9715436359525
2014-04-02,165.64,159.02727416480448
2014-04-03,165.31,158.95835015321674
2014-04-04,164.06,158.60675225622927
2014-04-08,164.54,159.2728017733914
2014-04-09,163.35,158.95180610079268
2014-04-10,169.51,163.12468055430807
2014-04-11,176.08,168.0061468460726
2014-04-14,174.36,167.2920067801081
2014-04-15,174.49,167.77928999885023
2014-04-16,171.02,167.37042578009203
2014-04-17,175.2,171.33208202919795
2014-04-18,175.31,171.9946209118219
2014-04-21,172.05,170.88048452137411
2014-04-22,172.13,172.88937250255572
2014-04-23,176.06,175.79467300242695
2014-04-24,175.76,175.19456490337336
2014-04-25,164.69,166.26858114626793
2014-04-28,162.79,164.65438988999452
2014-04-29,163.59,164.71679496287865
2014-04-30,163.88,164.57142569331558
2014-05-05,160.25,162.61575489151727
2014-05-06,160.79,162.62579218417437
2014-05-07,160.66,163.05380167567864
2014-05-08,160.67,163.37996962770222
2014-05-09,160.62,163.7630779874229
2014-05-12,160.91,163.65695500783372
2014-05-13,160.74,163.4408683948848
2014-05-14,155.27,159.89855459393806
2014-05-15,156.15,160.19864920212606
2014-05-16,155.16,159.75045228005538
2014-05-19,147.98,154.50295747399568
2014-05-20,144.98,153.42883650761965
2014-05-21,151.0,157.90885148478475
2014-05-22,150.05,157.8503724428056
2014-05-23,152.3,160.1246715448738
2014-05-26,153.57,160.69586975137474
2014-05-27,153.2,160.57525690579283
2014-05-28,153.94,159.9617999356004
2014-05-29,154.29,160.08446443460303
2014-05-30,153.22,159.2963867935301
2014-06-03,152.77,158.8370945203065
2014-06-04,151.15,157.48789402481975
2014-06-05,154.77,159.59458040466737
2014-06-06,153.59,158.62604287942443
2014-06-09,153.23,158.64506024939183
2014-06-10,154.8,159.42589771440538
2014-06-11,153.94,158.9635305343123
2014-06-12,152.63,157.82494340320957
2014-06-13,152.81,158.23934421281618
2014-06-16,154.42,158.75579858985142
2014-06-17,153.19,157.89398808654812
2014-06-18,153.58,157.30827490324268
2014-06-19,152.73,156.1059271704712
2014-06-20,153.18,156.30471065681388
2014-06-23,156.31,159.03004754090412
2014-06-24,163.57,162.29045479326848
2014-06-25,142.23,147.1521605414751
2014-06-26,141.64,145.58398021529445
2014-06-27,140.38,144.73359698389444
2014-06-30,141.98,145.94678297270545
2014-07-01,141.77,146.77049878849294
2014-07-02,142.08,147.15472962296528
2014-07-03,143.26,147.98555301152396
2014-07-04,143.32,147.67495554281692
2014-07-07,144.16,148.1063954796873
2014-07-08,142.18,146.4613079112555
2014-07-09,141.24,146.23762920457034
2014-07-10,141.04,147.48019473667654
2014-07-11,141.87,148.45157628465572
2014-07-14,149.77,153.3299247150591
2014-07-15,153.81,156.19252845450413
2014-07-16,154.57,157.02110016488055
2014-07-17,153.75,155.85646468912594
2014-07-18,160.98,159.77186545316297
2014-07-21,160.98,159.509452509907
2014-07-22,163.2,161.10729474462437
2014-07-23,163.89,162.13116141010926
2014-07-24,163.53,161.9146258781406
2014-07-25,163.88,160.7432365253723
2014-07-28,164.25,159.4423438533219
2014-07-29,161.06,157.47444614135196
2014-07-30,158.51,155.8195750289289
2014-07-31,160.27,156.65089219114932
2014-08-01,162.98,158.3834243278027
2014-08-04,164.4,159.7087845648756
2014-08-05,166.25,160.66823569618114
2014-08-06,163.32,158.51174846271516
2014-08-07,160.6,156.61685045066497
2014-08-08,162.14,157.35729603457
2014-08-11,163.07,158.52726333205155
2014-08-12,162.04,158.3420501963794
2014-08-13,162.49,158.29208857986328
2014-08-14,161.46,157.54335923982904
2014-08-15,161.54,157.7982179082533
2014-08-18,159.75,156.29238546393134
2014-08-19,158.68,154.9121159881629
2014-08-20,162.0,156.92434496390513
2014-08-21,159.97,155.50832110371366
2014-08-22,159.27,155.6023468530104
2014-08-25,158.75,155.15638049778232
2014-08-26,157.72,155.06804146156878
2014-08-27,156.37,154.29641353360967
2014-08-28,156.02,154.59467248301144
2014-08-29,158.23,155.64318062975426
2014-09-01,158.45,155.61439862396534
2014-09-02,162.56,158.30918692078774
2014-09-03,164.82,159.93000562821587
2014-09-04,165.06,160.56917670305498
2014-09-05,167.51,161.95310509312068
2014-09-09,164.08,159.71452641604805
2014-09-10,163.91,159.8323186666653
2014-09-11,161.98,158.5781664167753
2014-09-12,162.45,158.66300500715926
2014-09-15,159.41,157.50612313988734
2014-09-16,157.46,155.787667397998
2014-09-17,158.23,155.92353918946944
2014-09-18,159.25,156.09558346587187
2014-09-19,160.85,157.65518734362877
2014-09-22,156.94,155.34718884353853
2014-09-23,157.48,155.63547985820495
2014-09-24,160.19,157.06136328415968
2014-09-25,162.19,158.57471534824776
2014-09-26,162.31,158.69536353377867
2014-09-29,162.47,158.43291518508582
2014-09-30,162.13,158.01508777665424
2014-10-09,160.01,157.56914958499792
2014-10-10,159.02,158.17926394789157
2014-10-13,156.1,156.94581424441947
2014-10-14,154.91,156.5676860588194
2014-10-15,157.32,158.55179878691445
2014-10-16,157.32,158.67976710629335
2014-10-17,158.38,159.0331216970011
2014-10-20,156.92,158.01443937246827
2014-10-21,158.46,159.00866504328314
2014-10-22,159.08,159.2650062725957
2014-10-23,159.05,159.68415525756214
2014-10-24,158.88,159.95239172706312
2014-10-27,157.5,158.63804149613003
2014-10-28,158.74,159.24299414635223
2014-10-29,158.3,158.79588544301404
2014-10-30,155.42,157.20744012387144
2014-10-31,156.68,158.17046326587706
2014-11-03,155.58,157.53541354934706
2014-11-04,151.39,155.18190776925843
2014-11-05,146.15,152.1526680746536
2014-11-06,147.15,152.2183619163368
2014-11-07,148.04,152.8940469693141
2014-11-10,153.77,156.97695779936478
2014-11-11,153.35,156.85973252797902
2014-11-12,152.89,156.31551845644094
2014-11-13,151.58,155.47597249618013
2014-11-14,157.29,159.33301377121563
2014-11-17,160.05,160.5073544143442
2014-11-18,155.65,157.70619891470193
2014-11-19,153.07,155.91846078099655
2014-11-20,150.68,154.15165379040468
2014-11-21,153.13,155.50196941730476
2014-11-24,153.95,155.74572538144824
2014-11-25,154.64,156.7993904183513
2014-11-26,155.95,157.47373705866437
2014-11-27,156.68,157.88820596258833
2014-11-28,155.84,157.30729528250296
2014-12-01,160.06,160.4383645378921
2014-12-02,161.14,162.1151697942075
2014-12-03,164.83,165.3940137057658
2014-12-04,174.13,170.8207228903244
2014-12-05,170.92,169.51620682262032
2014-12-08,172.97,170.90225455158694
2014-12-09,172.86,171.01016603819352
2014-12-10,179.92,174.56574182883256
2014-12-11,175.89,171.90839663769452
2014-12-12,176.59,172.4147545869554
2014-12-15,184.04,177.18719107915163
2014-12-16,180.63,174.98284157549475
2014-12-17,179.07,173.72650505362867
2014-12-18,179.34,173.7207480953251
2014-12-19,180.82,174.7198156492951
2014-12-22,184.1,177.98024145140351
2014-12-23,188.86,180.56238711566732
2014-12-24,183.06,177.71733863998205
2014-12-25,185.83,179.55150186123407
2014-12-26,187.57,180.67433354607624
2014-12-29,183.48,178.31952958111196
2014-12-30,186.84,180.60992980607168
2014-12-31,189.62,182.8747379103625
2015-01-05,202.52,188.62699459500527
2015-01-06,197.83,185.6299082329515
2015-01-07,192.94,181.51401095764047
2015-01-08,191.76,180.04626456070395
2015-01-09,190.31,179.05397449268375
2015-01-12,186.43,176.35391556011837
2015-01-13,184.88,175.27603322098838
2015-01-14,183.18,174.25274148803425
2015-01-15,186.07,176.14589870722992
2015-01-16,186.11,176.0047812165241
2015-01-19,175.48,171.10480333756507
2015-01-20,178.08,172.81232940217387
2015-01-21,182.36,175.50725518332277
2015-01-22,181.23,175.6054943144376
2015-01-23,181.02,176.2836888835804
2015-01-26,182.8,177.46265762809745
2015-01-27,180.11,175.74635438125395
2015-01-28,177.47,173.54386102861542
2015-01-29,176.15,172.49525056845727
2015-01-30,177.18,173.5905118618667
2015-02-02,174.82,172.8931066886682
2015-02-03,178.37,174.33493379484918
2015-02-04,177.25,173.7731617313094
2015-02-05,174.05,171.9771949656741
2015-02-06,174.6,171.96525357160553
2015-02-09,184.3,179.4924849443465
2015-02-10,182.88,178.7324291893655
2015-02-11,183.15,179.32114242069716
2015-02-12,183.57,179.85958333334955
2015-02-13,182.49,179.07593799895378
2015-02-16,183.31,180.7242577977591
2015-02-17,182.22,180.65632074604767
2015-02-26,186.64,183.71199774657578
2015-02-27,191.05,186.6293510575231
2015-03-02,190.73,186.69220382267852
2015-03-03,185.95,184.7221759166342
2015-03-04,187.19,185.57985274254136
2015-03-05,185.52,184.57632084210945
2015-03-06,183.62,183.73096526408818
2015-03-09,191.56,189.552098102106
2015-03-10,187.83,187.229529842777
2015-03-11,191.98,190.12990041811918
2015-03-12,192.75,190.5680130643706
2015-03-13,189.91,188.86165441240828
2015-03-16,193.76,191.81406724796676
2015-03-17,196.77,194.08531633587577
2015-03-18,199.45,196.21570717370585
2015-03-19,195.28,193.25135917718384
2015-03-20,193.15,191.37180658067948
2015-03-23,195.08,193.02908638436787
2015-03-24,195.69,193.4834471530314
2015-03-25,192.78,190.67617650431683
2015-03-26,198.56,193.55228294666813
2015-03-27,194.55,191.04528807681197
2015-03-30,196.77,192.72375756614719
2015-03-31,195.96,193.05157545862298
2015-04-01,195.34,193.45130378938123
2015-04-02,194.58,193.0835003887786
2015-04-03,196.81,194.8657537214184
2015-04-07,200.67,196.93220641250826
2015-04-08,204.5,199.54938835146157
2015-04-09,200.0,197.46691788331466
2015-04-10,200.22,198.40776322065457
2015-04-13,203.9,200.27775591022993
2015-04-14,206.0,201.90580866764628
2015-04-15,205.7,203.28349222043082
2015-04-16,226.27,215.3810214427856
2015-04-17,232.56,219.75217304442714
2015-04-20,234.03,220.28032841425284
2015-04-21,257.43,233.0714324649837
2015-04-22,263.89,238.43132869328488
2015-04-23,256.04,235.31114179529226
2015-04-24,258.49,236.24259779383746
2015-04-27,255.79,233.24574859081702
2015-04-28,247.89,228.18224816349277
2015-04-29,249.78,229.1444801093235
2015-04-30,252.23,230.37087437113567
2015-05-04,254.97,232.31108764683285
2015-05-05,240.95,225.27486966971415
2015-05-06,242.68,226.00805520658108
2015-05-07,244.93,227.43057206191793
2015-05-08,254.17,231.77482460894856
2015-05-11,257.44,233.04187439134702
2015-05-12,254.42,231.87382379830055
2015-05-13,256.4,232.50474640906899
2015-05-14,251.41,228.91078081519262
2015-05-15,245.17,225.64285943585728
2015-05-18,241.14,222.69741312427783
2015-05-19,250.04,227.69983805310164
2015-05-20,253.95,230.79402562784088
2015-05-21,258.59,234.3547854136883
2015-05-22,275.86,244.30837901620427
2015-05-25,286.83,248.15969170652954
2015-05-26,285.54,247.254876262403
2015-05-27,276.9,240.977234783127
2015-05-28,261.11,232.5536194701513
2015-05-29,263.83,234.1599994161433
2015-06-01,271.46,239.38147498630468
2015-06-02,266.62,236.45106901759712
2015-06-03,262.79,234.21591166117972
2015-06-04,258.21,231.51627959114117
2015-06-05,253.84,229.76054650580403
2015-06-08,264.64,234.98113095010078
2015-06-09,259.03,232.25251790859198
2015-06-10,261.05,234.09009925146535
2015-06-11,260.06,233.27249735704723
2015-06-12,266.0,235.83340484080634
2015-06-15,260.89,232.92562454403546
2015-06-16,253.95,228.8936680476938
2015-06-17,255.09,228.88653282377305
2015-06-18,243.97,222.09239844796366
2015-06-19,235.31,216.96287414928076
2015-06-23,252.25,227.78709600269795
2015-06-24,261.21,231.8788620165607
2015-06-25,251.79,225.04050349275033
2015-06-26,242.45,219.86390792416023
2015-06-29,246.64,223.26674855372835
2015-06-30,257.65,230.3639592385872
2015-07-01,257.49,230.1273221204095
2015-07-02,260.3,231.39066888636
2015-07-03,249.81,225.36666879793086
2015-07-06,254.04,227.28826157084168
2015-07-07,244.18,221.5138252618916
2015-07-08,236.86,216.99839048683367
2015-07-09,257.94,229.25017982353899
2015-07-10,265.59,234.02677559928551
2015-07-13,257.75,230.0457291912329
2015-07-14,249.05,227.12341401648362
2015-07-15,251.26,228.0690515538912
2015-07-16,251.59,226.64804085929538
2015-07-17,228.29,214.48041360619928
2015-07-20,225.11,210.81787788287895
2015-07-21,221.66,209.1275526971783
2015-07-22,217.13,206.19468529402639
2015-07-23,219.54,206.5856658281776
2015-07-24,219.21,205.47387347336397
2015-07-27,201.52,195.25262140305833
2015-07-28,205.83,196.30262155569596
2015-07-29,207.74,197.2265828812023
2015-07-30,205.96,196.70554559580017
2015-07-31,206.83,197.3944466318842
2015-08-03,209.56,198.7947494674511
2015-08-04,211.97,199.92416674529034
2015-08-05,207.19,196.31731632370867
2015-08-06,204.96,194.26608789344368
2015-08-07,206.93,195.19304969054008
2015-08-10,212.3,198.53858596588802
2015-08-11,210.75,198.12579908568048
2015-08-12,209.47,197.22230312894945
2015-08-13,209.51,196.91402733285722
2015-08-14,209.98,196.96235580393144
2015-08-17,206.22,192.97074616338833
2015-08-18,201.06,188.79550311403523
2015-08-19,201.62,188.71817598146316
2015-08-20,195.07,184.14315844161447
2015-08-21,186.33,178.45946131688626
2015-08-24,169.64,167.01621544257426
2015-08-25,176.59,169.85321879602532
2015-08-26,183.88,173.78299053723413
2015-08-27,197.07,181.40200614214922
2015-08-28,192.65,179.43597399711174
2015-08-31,195.37,180.97592761169568
2015-09-01,194.37,180.41089712278225
2015-09-02,194.61,181.04088448413455
2015-09-07,188.71,177.92173802028427
2015-09-08,189.32,177.5063705968837
2015-09-09,191.86,178.81929687282644
2015-09-10,193.21,179.8221180077209
2015-09-11,192.91,179.60989078575236
2015-09-14,202.53,184.47527398583514
2015-09-15,202.0,184.08133576876412
2015-09-16,204.55,185.09900601904727
2015-09-17,198.0,181.49788582699185
2015-09-18,199.43,181.4590292588457
2015-09-21,199.3,180.23912481288997
2015-09-22,199.27,179.56786974219213
2015-09-23,194.72,176.88955249926104
2015-09-24,194.0,176.5379854034185
2015-09-25,193.46,176.0240608024575
2015-09-28,191.38,174.05056680272958
2015-09-29,190.17,173.2772607337112
2015-09-30,190.31,173.41997223188235
2015-10-09,196.95,177.12787118436353
2015-10-12,198.09,177.23895354012598
2015-10-13,198.74,177.27111290964754
2015-10-14,197.83,176.78866917393063
2015-10-15,199.99,177.70915316889665
2015-10-16,200.74,177.9371675535554
2015-10-19,202.72,178.73610772931718
2015-10-20,201.97,178.23456364496903
2015-10-21,200.31,177.13824655354705
2015-10-22,202.53,178.6123559822543
2015-10-23,210.98,183.11203450264046
2015-10-26,217.73,186.03396670250686
2015-10-27,215.25,185.30750577338588
2015-10-28,212.44,183.9756272569146
2015-10-29,213.0,184.28596688106728
2015-10-30,213.86,185.06543775048013
2015-11-02,212.56,184.27191851907764
2015-11-03,209.71,183.00787150872824
2015-11-04,214.98,185.14414045180294
2015-11-05,216.56,185.95378306010593
2015-11-06,218.42,186.89795332937905
2015-11-09,220.83,188.76973179598244
2015-11-10,222.38,190.5430259526318
2015-11-11,220.15,189.35354714201867
2015-11-12,220.01,189.01143135559886
2015-11-13,215.11,187.11401771671962
2015-11-16,213.78,186.25482000818224
2015-11-17,214.36,186.25180665826284
2015-11-18,214.66,186.21932077282838
2015-11-19,215.03,186.48545647281213
2015-11-20,213.72,185.73223046607967
2015-11-23,212.62,185.2953726039289
2015-11-24,211.69,184.70493079049112
2015-11-25,212.98,185.3575350435092
2015-11-26,212.84,186.04141085599056
2015-11-27,207.74,183.52249974698117
2015-11-30,214.31,186.36935793812063
2015-12-01,213.8,187.0692058351458
2015-12-02,221.58,191.36598001363674
2015-12-03,220.2,192.05816777677984
2015-12-04,215.31,190.35086726351477
2015-12-07,214.51,190.0122360049692
2015-12-08,211.94,189.37462418721208
2015-12-09,214.47,191.2585263300089
2015-12-10,212.96,190.9286825482003
2015-12-11,211.41,189.3457530718123
2015-12-14,214.1,191.76589473180485
2015-12-15,214.51,192.5948357859816
2015-12-16,213.91,192.19292304128064
2015-12-17,215.86,192.94955877701025
2015-12-18,216.88,193.25332172653683
2015-12-21,227.03,198.84055593363763
2015-12-22,225.03,199.12702046703154
2015-12-23,223.0,197.8869143068207
2015-12-24,224.78,198.55993569703432
2015-12-25,224.5,198.46057794849327
2015-12-28,219.12,196.10445051503453
2015-12-29,219.83,196.3478695706692
2015-12-30,218.86,196.24995554631516
2015-12-31,218.19,196.5112176883883
2016-01-04,210.02,193.23431127406153
2016-01-05,212.82,194.77474244795854
2016-01-06,212.18,193.8361145850059
2016-01-07,202.23,187.092164218672
2016-01-08,204.63,187.31408937126787
2016-01-11,199.86,183.91177527139715
2016-01-12,196.79,181.85235206446728
2016-01-13,199.78,183.19754381984717
2016-01-14,204.82,185.87953089350077
2016-01-15,199.0,183.0897421970196
2016-01-18,199.43,183.3038275291012
2016-01-19,210.24,188.83607391364936
2016-01-20,202.32,184.40999012560354
2016-01-21,200.26,183.09141605890017
2016-01-22,202.74,184.78769958830273
2016-01-25,202.77,184.36232334527017
2016-01-26,199.01,181.87402090062477
2016-01-27,199.93,181.4958286767803
2016-01-28,196.64,179.22286362252353
2016-01-29,200.65,182.28364741212587
2016-02-01,201.29,183.01295645405716
2016-02-02,204.55,185.3978283942992
2016-02-03,203.66,186.2802199056964
2016-02-04,204.99,188.05909518880648
2016-02-05,203.87,188.1891134116333
2016-02-16,203.92,188.6423698371981
2016-02-17,202.3,187.39113412171895
2016-02-18,201.71,187.15984374714367
2016-02-19,203.11,187.86078381668287
2016-02-22,207.8,191.94624334008913
2016-02-23,212.41,194.90825745624812
2016-02-24,217.74,198.09851329191432
2016-02-25,212.41,195.89945280534192
2016-02-26,216.84,198.87925753328153
2016-02-29,214.91,197.31045198803744
2016-03-01,218.42,200.3809380785188
2016-03-02,224.22,204.05098110528562
2016-03-03,227.81,206.77111205830596
2016-03-04,238.78,213.34661562064144
2016-03-07,233.64,210.2092449102268
2016-03-08,229.21,207.875344674476
2016-03-09,227.44,207.447461759259
2016-03-10,228.06,207.81371517595332
2016-03-11,228.05,208.0744802847668
2016-03-14,224.57,206.48289421946998
2016-03-15,231.92,211.01352019070916
2016-03-16,228.61,209.29706498556598
2016-03-17,229.56,209.91294903202737
2016-03-18,226.0,208.40873167792137
2016-03-21,231.98,212.8656981307043
2016-03-22,234.49,215.26222775176464
2016-03-23,234.97,216.0254095853902
2016-03-24,242.66,220.39197620023157
2016-03-25,244.98,221.10737522766522
2016-03-28,249.58,222.8474026718125
2016-03-29,248.11,222.41488417402502
2016-03-30,248.66,222.75863796880319
2016-03-31,247.64,223.2340217876685
2016-04-01,245.09,222.99397375654482
2016-04-05,245.52,223.31770569642904
2016-04-06,257.21,230.40543073417965
2016-04-07,254.11,228.62047689471743
2016-04-08,249.86,225.97940095597482
2016-04-11,243.72,221.79846335168958
2016-04-12,244.92,222.26478325742556
2016-04-13,242.24,221.2979480387005
2016-04-14,242.76,222.27674883336144
2016-04-15,244.9,222.99421622578427
2016-04-18,243.68,222.30074324025975
2016-04-19,243.18,222.81414561520555
2016-04-20,238.44,220.4933682455317
2016-04-21,240.37,222.24730095438585
2016-04-22,247.4,226.09702256925905
2016-04-25,244.52,224.97424688491654
2016-04-26,243.86,224.44190580765328
2016-04-27,244.88,224.88255769620596
2016-04-28,246.44,224.95138795540447
2016-04-29,251.2,228.7822257213076
2016-05-03,260.0,233.42130050700106
2016-05-04,256.21,232.3161886421994
2016-05-05,257.77,233.31840061143498
2016-05-06,252.22,231.05627078044608
2016-05-09,250.82,229.23630834175552
2016-05-10,252.08,230.4231575135654
2016-05-11,256.87,233.13446663173133
2016-05-12,255.96,232.85182275888386
2016-05-13,250.96,229.72037976613777
2016-05-16,251.63,229.80304570903246
2016-05-17,250.03,229.06715348464328
2016-05-18,244.44,225.26594072129114
2016-05-19,245.77,226.76801198858226
2016-05-20,251.26,230.93616823297577
2016-05-23,254.2,233.36475398103707
2016-05-24,251.94,233.27790919986364
2016-05-25,251.86,233.35268655088177
2016-05-26,252.71,233.8032009651598
2016-05-27,252.44,233.74701205025605
2016-05-30,256.13,236.97960756773554
2016-05-31,264.47,241.65517131279418
2016-06-01,263.79,242.05601711354777
2016-06-02,267.74,244.84744033927274
2016-06-03,283.89,253.87593964557863
2016-06-06,276.05,249.9338675826825
2016-06-07,277.85,251.38108355544475
2016-06-08,274.28,249.85760377849982
2016-06-13,267.06,245.8786788219149
2016-06-14,272.75,248.1957197461186
2016-06-15,276.49,250.00746278504315
2016-06-16,274.02,248.6718007426676
2016-06-17,278.26,249.88611640590182
2016-06-20,276.11,248.3729454789367
2016-06-21,273.81,248.23535747557523
2016-06-22,278.44,251.50995601940295
2016-06-23,276.44,250.5522682258452
2016-06-24,273.77,249.2808022496427
2016-06-27,287.68,256.1134723683317
2016-06-28,288.21,258.1172813148371
2016-06-29,288.18,258.21299992013843
2016-06-30,291.92,260.83915988270746
2016-07-01,286.17,257.25879656609527
2016-07-04,293.9,261.9905154124413
2016-07-05,300.58,267.350960624688
2016-07-06,317.19,274.88189929251956
2016-07-07,316.91,274.488328084589
2016-07-08,309.91,270.9729460903997
2016-07-11,315.14,274.47485602463246
2016-07-12,324.73,279.92418470074614
2016-07-13,317.19,275.55496217380977
2016-07-14,317.09,275.4843446973722
2016-07-15,317.52,275.25099791487474
2016-07-18,316.21,274.1013680136366
2016-07-19,308.11,268.74620160097396
2016-07-20,308.56,268.85251407811535
2016-07-21,314.38,271.7581460719019
2016-07-22,307.92,269.57003010727186
2016-07-25,311.26,272.23779010477233
2016-07-26,319.04,276.3258569549338
2016-07-27,314.01,273.535517370817
2016-07-28,316.05,275.4516105607471
2016-07-29,313.15,274.6756433639267
2016-08-01,306.96,271.9983062230398
2016-08-02,306.21,271.7646834915888
2016-08-03,306.82,271.9026665945641
2016-08-04,306.3,271.5382724665521
2016-08-05,305.93,271.6264005336994
2016-08-08,308.1,272.71816875656333
2016-08-09,315.75,276.72674829829583
2016-08-10,313.81,275.98724860810097
2016-08-11,316.77,277.3300707538659
2016-08-12,316.97,277.41826604849547
2016-08-15,318.78,277.3278208588503
2016-08-16,309.52,272.0023270341275
2016-08-17,308.16,270.6268843260525
2016-08-18,306.43,268.53692756115055
2016-08-19,306.48,267.9870476169963
2016-08-22,307.32,268.0205401146882
2016-08-23,306.88,267.8835751191902
2016-08-24,305.28,265.88820582443253
2016-08-25,303.01,265.5218902630537
2016-08-26,301.45,264.90097278783537
2016-08-29,307.53,268.0769698134224
2016-08-30,305.86,267.9348325532613
2016-08-31,310.19,270.9947983202073
2016-09-01,308.71,269.7721470798157
2016-09-02,305.78,268.80272239481354
2016-09-05,308.5,269.5717923551249
2016-09-06,309.94,270.81570363068937
2016-09-07,306.6,268.7677526193904
2016-09-08,305.82,268.41228047317804
2016-09-09,304.63,268.2967339083561
2016-09-12,298.06,265.4146245064655
2016-09-13,300.43,267.7358204017654
2016-09-14,299.57,267.06591196741886
2016-09-19,300.13,267.13159753428755
2016-09-20,294.96,264.08614562741656
2016-09-21,294.05,263.33691876051324
2016-09-22,296.98,265.29172216132326
2016-09-23,297.68,266.0357047901472
2016-09-26,288.73,262.5514665530942
2016-09-27,291.17,264.12285790878025
2016-09-28,288.41,262.5834954763386
2016-09-29,290.98,264.7762566569329
2016-09-30,297.91,268.7500107859627
2016-10-11,308.92,276.6378789796939
2016-10-12,305.82,275.10633400978327
2016-10-13,303.89,274.12181224157075
2016-10-14,305.6,276.3103585556414
2016-10-17,302.45,274.8825397382282
2016-10-18,307.16,276.631024619568
2016-10-19,306.45,276.8026943086199
2016-10-20,305.48,276.90624454465444
2016-10-21,304.19,276.49655464599607
2016-10-24,306.93,276.85518323965726
2016-10-25,312.94,279.6773576845875
2016-10-26,313.68,280.8900997101093
2016-10-27,316.87,286.07419479872715
2016-10-28,317.05,288.53499910486363
2016-10-31,317.95,288.02514834610594
2016-11-01,316.68,287.6703172959644
2016-11-02,315.18,287.2604131773762
2016-11-03,315.86,288.2944245712458
2016-11-04,314.82,288.10072473058574
2016-11-07,315.33,288.5577346289549
2016-11-08,320.0,291.54293344869717
2016-11-09,316.81,290.383314659831
2016-11-10,319.13,292.51813776993134
2016-11-11,315.08,289.99753601406445
2016-11-14,310.99,288.2282865333682
2016-11-15,314.01,290.2026581072542
2016-11-16,313.15,290.0948152004469
2016-11-17,311.04,289.1536509985627
2016-11-18,310.0,288.25112774354744
2016-11-21,309.5,287.741333926879
2016-11-22,308.87,287.60941740951273
2016-11-23,312.95,288.693772406738
2016-11-24,316.93,290.68546472513424
2016-11-25,316.89,290.5023849893389
2016-11-28,319.5,293.0774717574459
2016-11-29,323.96,295.15205868195756
2016-11-30,319.08,293.1235376255992
2016-12-01,321.02,294.4999308714246
2016-12-02,321.77,296.1275476629294
2016-12-05,315.93,292.9978068125153
2016-12-06,326.42,298.6953309284976
2016-12-07,327.45,299.81813197891415
2016-12-08,337.71,306.7942125398728
2016-12-09,337.76,307.24612988078945
2016-12-12,326.86,303.4459512098605
2016-12-13,333.01,307.1535901516759
2016-12-14,332.27,306.51864720250825
2016-12-15,328.05,304.1541086626398
2016-12-16,327.58,304.1006663752775
2016-12-19,325.96,303.8041212966634
2016-12-20,326.48,304.72521089280957
2016-12-21,328.66,306.3997502935227
2016-12-22,325.2,304.4758968153705
2016-12-23,320.03,301.24202939503334
2016-12-26,324.48,303.95516377355597
2016-12-27,326.16,304.84146446413445
2016-12-28,323.72,304.4099876910918
2016-12-29,327.31,308.0630114430731
2016-12-30,334.15,312.83417284692547
2017-01-03,334.56,315.04449704022176
2017-01-04,351.91,325.8168435244241
2017-01-05,346.74,323.5961572541466
2017-01-06,350.76,325.16044668642326
2017-01-09,348.51,325.7906974182962
2017-01-10,349.0,326.6207324651576
2017-01-11,345.45,324.3058432645894
2017-01-12,347.05,324.84264271413423
2017-01-13,344.87,324.099721446914
2017-01-16,341.47,321.69826937948005
2017-01-17,349.13,325.6327695639539
2017-01-18,355.08,328.61682331135245
2017-01-19,354.72,329.72764410325595
2017-01-20,354.99,329.96559919677753
2017-01-23,351.22,328.7868999975855
2017-01-24,350.31,328.0368348534797
2017-01-25,347.63,325.95448280652056
2017-01-26,344.42,324.3847700561039
2017-02-06,346.85,325.4603430744132
2017-02-07,343.58,324.828874150144
2017-02-08,344.21,326.0974772346083
2017-02-09,347.61,328.22754789522276
2017-02-10,345.08,325.8377438042628
2017-02-13,349.75,328.85328511375053
2017-02-14,350.21,329.2577619783253
2017-02-15,348.53,328.8219069008376
2017-02-16,348.09,328.9651005303926
2017-02-17,350.56,330.12121829019287
2017-02-20,361.29,337.2593408598894
2017-02-21,358.74,337.751553643345
2017-02-22,361.89,339.7524449639765
2017-02-23,361.7,339.4790930563164
2017-02-24,362.62,341.42003588217074
2017-02-27,357.2,337.181058470303
2017-02-28,354.66,335.3419014496866
2017-03-01,356.61,338.5716827829555
2017-03-02,356.82,340.4775563283114
2017-03-03,356.54,342.1444370131438
2017-03-06,358.96,342.9906165621573
2017-03-07,367.2,347.97356190143853
2017-03-08,367.28,349.537624528131
2017-03-09,369.9,351.87435584948105
2017-03-10,369.85,351.45064607498375
2017-03-13,371.55,352.30502148419794
2017-03-14,369.5,351.03204294085447
2017-03-15,374.68,353.83925602711713
2017-03-16,374.77,355.27871648698107
2017-03-17,378.48,357.76861162032003
2017-03-20,386.41,364.22062355362596
2017-03-21,394.01,369.7277845591438
2017-03-22,394.48,370.9921647494235
2017-03-23,389.79,368.03580251341975
2017-03-24,386.82,366.620794962688
2017-03-27,378.82,362.4907445110803
2017-03-28,380.26,362.6079343368967
2017-03-29,383.65,364.4174617945345
2017-03-30,386.14,366.10865670743516
2017-03-31,386.36,365.91479883727385
2017-04-05,389.66,369.7730299394304
2017-04-06,391.91,372.67788012048476
2017-04-07,392.87,371.76242300339635
2017-04-10,389.2,370.21402696660255
2017-04-11,385.29,369.06379288271893
2017-04-12,390.23,371.92571662013046
2017-04-13,398.39,375.92974501444047
2017-04-14,395.45,374.15416352104035
2017-04-17,395.79,374.3522524626069
2017-04-18,404.65,381.06398197017904
2017-04-19,405.74,383.54913400200945
2017-04-20,415.31,390.3651554452585
2017-04-21,400.53,384.4272937133346
2017-04-24,398.55,384.57722052014117
2017-04-25,418.89,396.22275348002864
2017-04-26,417.96,395.7866206947913
2017-04-27,421.44,396.4109690823987
2017-04-28,413.48,391.259131441139
2017-05-02,412.08,391.24123325306465
2017-05-03,417.61,395.1748965952404
2017-05-04,416.0,395.24665186790395
2017-05-05,416.19,394.2729863021243
2017-05-08,405.48,390.9838630824935
2017-05-09,408.76,393.1306321466513
2017-05-10,410.09,395.6338195224962
2017-05-11,412.16,397.7113782337912
2017-05-12,413.47,397.955707620496
2017-05-15,419.55,402.0356913664524
2017-05-16,430.12,408.16929760075425
2017-05-17,426.6,406.2847440924248
2017-05-18,429.54,408.3886287595956
2017-05-19,440.82,415.85698502538844
2017-05-22,441.78,418.1537510245613
2017-05-23,454.2,425.30961114260674
2017-05-24,450.32,423.68529117257117
2017-05-25,450.6,423.1256510824483
2017-05-26,451.92,423.837779980937
2017-05-31,442.94,420.34127900062566
2017-06-01,449.28,423.82266250125843
2017-06-02,447.31,424.1152674272683
2017-06-05,444.41,423.580606089596
2017-06-06,448.82,427.3554516537594
2017-06-07,459.37,433.9548810776781
2017-06-08,464.31,436.8170312001412
2017-06-09,465.74,438.69089941001545
2017-06-12,472.88,443.8800279848802
2017-06-13,473.04,444.98690304216166
2017-06-14,474.39,444.8931168899307
2017-06-15,464.3,439.5025896956118
2017-06-16,462.63,438.0475918111397
2017-06-19,470.17,441.84427307961374
2017-06-20,466.3,441.14306596181956
2017-06-21,472.71,447.07472390793043
2017-06-22,472.75,448.5513762976058
2017-06-23,472.73,447.1752504905288
2017-06-26,484.68,456.1583194206701
2017-06-27,484.1,456.7864842405022
2017-06-28,475.3,450.58398814771687
2017-06-29,473.01,449.6099782721106
2017-06-30,471.85,449.56065361199177
2017-07-03,460.37,442.487124237613
2017-07-04,451.92,437.9584259572199
2017-07-05,460.13,442.3898185928638
2017-07-06,455.98,440.3602758961742
2017-07-07,445.97,433.8585126139671
2017-07-10,454.47,441.46913302435394
2017-07-11,463.13,448.4000688587422
2017-07-12,457.47,445.8290339869162
2017-07-13,456.16,445.7700183688583
2017-07-14,456.41,445.9642265669959
2017-07-17,450.07,442.72686287881544
2017-07-18,452.55,443.4158028666702
2017-07-19,456.86,445.8892855490303
2017-07-20,466.47,451.92090853525605
2017-07-21,473.2,456.4956225731863
2017-07-24,477.8,459.116929823809
2017-07-25,477.96,461.82931816104013
2017-07-26,471.63,458.9426092510938
2017-07-27,473.87,462.06180430453026
2017-07-28,483.92,468.09234824235875
2017-07-31,481.22,465.4033739804596
2017-08-01,480.24,464.53243248476986
2017-08-02,482.84,465.64195244287106
2017-08-03,477.22,462.24985686251364
2017-08-04,473.64,459.2033024007256
2017-08-07,481.56,464.4563831067899
2017-08-08,482.58,467.36734837157076
2017-08-09,490.85,471.72368445912105
2017-08-10,491.63,473.3108682721231
2017-08-11,484.06,469.09934416563226
2017-08-14,499.83,479.87784472021315
2017-08-15,495.97,478.0251734337015
2017-08-16,496.49,476.3603565838595
2017-08-17,492.69,473.3398842409547
2017-08-18,489.65,471.65070236866956
2017-08-21,489.73,472.4743015568859
2017-08-22,487.22,471.5976042064392
2017-08-23,494.01,474.6945481603901
2017-08-24,492.81,473.84614438045884
2017-08-25,492.99,473.2096353469928
2017-08-28,492.04,473.9702315644036
2017-08-29,489.44,472.08556969771905
2017-08-30,492.97,474.74262251567336
2017-08-31,491.15,473.61159521158163
2017-09-01,495.18,474.87981630299726
2017-09-04,492.42,474.45471990173047
2017-09-05,489.99,473.52818003253003
2017-09-06,484.98,469.6963465721035
2017-09-07,481.27,466.5843247737062
2017-09-08,474.37,462.96262199770626
2017-09-11,478.32,467.6131829437067
2017-09-12,484.91,473.2370819904346
2017-09-13,491.63,477.43136456990914
2017-09-14,490.71,477.6603508151342
2017-09-15,489.84,477.6868189058612
2017-09-18,498.97,483.98650269924315
2017-09-19,496.95,484.83823234633957
2017-09-20,496.2,485.18714181571465
2017-09-21,498.77,487.77212393713955
2017-09-22,499.93,489.3969665535802
2017-09-25,507.24,493.48760301014477
2017-09-26,509.29,493.4098641837002
2017-09-27,508.21,493.6103380686635
2017-09-28,518.46,502.6677637166064
2017-09-29,517.64,503.9984856295097
2017-10-10,540.06,517.4063849092352
2017-10-11,545.54,521.464856765519
2017-10-12,544.09,522.4072509895515
2017-10-13,556.15,531.544540772448
2017-10-16,560.69,534.5756543810653
2017-10-17,556.73,533.0897504670738
2017-10-18,560.72,536.241725271661
2017-10-19,582.6,551.8410455966759
2017-10-20,574.33,549.9630501415177
2017-10-23,573.41,546.1649036829886
2017-10-24,567.33,541.9471544861732
2017-10-25,565.67,541.6379798037975
2017-10-26,605.09,565.4268700778564
2017-10-27,649.63,597.4782687663775
2017-10-30,622.08,578.6185406385122
2017-10-31,618.03,575.8039544866474
2017-11-01,623.01,578.600559457265
2017-11-02,626.92,581.497230193335
2017-11-03,639.17,590.1230458385975
2017-11-06,653.06,596.2299897525243
2017-11-07,642.07,590.9757053418422
2017-11-08,650.38,595.8145426263587
2017-11-09,650.07,596.7093341437411
2017-11-10,677.95,612.1300768881182
2017-11-13,687.88,617.9362943252569
2017-11-14,678.75,614.5054841176285
2017-11-15,688.08,618.7930012672459
2017-11-16,719.11,635.3936533568376
2017-11-17,690.25,621.6147115742525
2017-11-20,679.15,616.4250348178532
2017-11-21,677.25,613.846054763864
2017-11-22,650.52,596.7340789703737
2017-11-23,633.73,587.2261331324971
2017-11-24,630.04,585.1640085265029
2017-11-27,621.29,580.456980295661
2017-11-28,648.23,595.903913364692
2017-11-29,638.12,589.9604780881285
2017-11-30,631.0,587.3646550783361
2017-12-01,622.35,583.919495055767
2017-12-04,637.79,594.9433819163527
2017-12-05,632.96,592.8082171715234
2017-12-06,625.01,588.4299748919103
2017-12-07,616.69,583.0825160498307
2017-12-08,627.28,591.0773346398062
2017-12-11,650.99,607.7587674949178
2017-12-12,651.32,610.6852692240508
2017-12-13,668.21,623.7490810922768
2017-12-14,664.55,621.2985629990343
2017-12-15,653.79,613.879917479494
2017-12-18,665.77,620.9812908644273
2017-12-19,667.09,622.8149612267857
2017-12-20,684.91,633.1104998246933
2017-12-21,681.74,631.4103236720864
2017-12-22,682.92,629.1779532096218
2017-12-25,688.12,632.4324420503464
2017-12-26,680.81,627.5816055339699
2017-12-27,664.18,619.2001784750863
2017-12-28,718.69,652.8319756469654
2017-12-29,697.49,645.2301582387424
2018-01-02,703.85,649.6627869577922
2018-01-03,715.86,659.212848445878
2018-01-04,737.07,672.7155172244696
2018-01-05,738.36,673.6133533071386
2018-01-08,752.13,685.2875604989356
2018-01-09,782.52,705.681328160757
2018-01-10,785.71,710.2227099395335
2018-01-11,774.81,704.3696478488131
2018-01-12,788.42,710.8520774297945
2018-01-15,785.37,709.4765545523214
2018-01-16,772.94,702.8025379362434
2018-01-17,747.93,687.3783957050973
2018-01-18,750.74,687.5848718268682
2018-01-19,750.18,691.056766667832
2018-01-22,773.64,704.0121109485734
2018-01-23,773.78,703.0696822538318
2018-01-24,764.46,697.3659763191606
2018-01-25,769.16,698.2374418375923
2018-01-26,777.22,704.2478907159816
2018-01-29,736.32,680.6540647412759
2018-01-30,742.08,681.9874682829349
2018-01-31,764.54,694.7762591758885
2018-02-01,757.73,694.1508981917862
2018-02-02,740.4,683.045863085083
2018-02-05,718.23,670.0232437005656
2018-02-06,708.86,662.4036413338407
2018-02-07,683.43,647.3771445717401
2018-02-08,700.99,656.8099186207648
2018-02-09,683.43,645.4098647819254
2018-02-12,697.48,653.5245821569258
2018-02-13,711.98,662.4747539578938
2018-02-14,718.45,667.6152305428883
2018-02-23,742.48,681.2252338671202
2018-02-26,743.51,681.8606689582423
2018-02-27,737.98,676.7083835630443
2018-02-28,725.62,665.2142729183333
2018-03-01,741.97,675.6477334810293
2018-03-02,736.41,673.4782119739824
2018-03-05,720.11,662.3486747676274
2018-03-06,718.26,659.4090780899438
2018-03-07,710.04,652.8433992319973
2018-03-08,722.76,660.8044790602166
2018-03-09,728.2,661.9274087901791
2018-03-12,723.95,660.0946383133767
2018-03-13,710.35,652.551058887679
2018-03-14,726.88,662.6310695812183
2018-03-15,746.47,673.2415492895005
2018-03-16,739.85,669.2438248024862
2018-03-19,753.48,677.2564277345724
2018-03-20,747.73,673.5791503288949
2018-03-21,742.0,668.9827020372069
2018-03-22,726.08,660.5277783595296
2018-03-23,711.06,653.6026130083347
2018-03-26,713.49,654.0955866001857
2018-03-27,714.74,654.263874017996
2018-03-28,682.05,635.6346345947642
2018-03-29,689.1,638.5254400507965
2018-03-30,683.62,639.7171790889666
2018-04-02,680.06,639.3476266473124
2018-04-03,677.91,638.6508508984451
2018-04-04,694.01,649.4794016674507
2018-04-09,698.3,654.9093670513352
2018-04-10,708.02,664.0335872116957
2018-04-11,705.36,662.3977370119769
2018-04-12,694.2,656.5778200413615
2018-04-13,686.86,651.2211162891343
2018-04-16,681.38,649.1216119822852
2018-04-17,666.2,641.1592342191976
2018-04-18,655.64,635.6608620239414
2018-04-19,679.96,650.6313325460688
2018-04-20,670.26,647.8210898734018
2018-04-23,674.01,651.6900881875501
2018-04-24,689.88,662.9755993799222
2018-04-25,690.97,662.5116568544057
2018-04-26,678.23,653.5310292882778
2018-04-27,662.53,641.5169648830191
2018-05-02,667.83,643.8415103733788
2018-05-03,670.88,646.0344106408968
2018-05-04,662.87,642.7753409905339
2018-05-07,698.17,659.1096326109608
2018-05-08,708.83,664.6407912263027
2018-05-09,701.95,662.3951511154173
2018-05-10,714.19,670.7691275310727
2018-05-11,718.02,676.1236559032922
2018-05-14,742.41,690.909603929163
2018-05-15,743.06,692.5371571289105
2018-05-16,734.52,689.2119444380623
2018-05-17,727.38,685.584334073517
2018-05-18,739.32,691.3282737514731
2018-05-21,734.82,688.8414801592768
2018-05-22,739.57,692.0877713081469
2018-05-23,723.78,682.4241086219079
2018-05-24,715.4,675.5193005328289
2018-05-25,716.86,675.8804114278968
2018-05-28,740.4,692.5350107281604
2018-05-29,731.43,690.5303451589225
2018-05-30,725.87,687.0179235785278
2018-05-31,751.13,699.5911353151688
2018-06-01,745.11,698.0813784576474
2018-06-04,781.97,720.9759490255075
2018-06-05,788.05,725.9886325447119
2018-06-06,785.75,726.1130246569556
2018-06-07,780.97,723.8400622552099
2018-06-08,777.95,722.2537735911136
2018-06-11,775.73,724.557402879087
2018-06-12,799.19,739.373635788395
2018-06-13,790.33,733.8138136286034
2018-06-14,786.13,732.0531424718355
2018-06-15,773.33,724.1762032298285
2018-06-19,738.0,708.2963380825539
2018-06-20,763.59,722.1983386891056
2018-06-21,759.32,723.6173579297318
2018-06-22,766.53,727.0906121018737
2018-06-25,765.56,728.4390360792713
2018-06-26,754.8,721.6046785008634
2018-06-27,722.44,699.0684377108714
2018-06-28,710.93,692.1874169368152
2018-06-29,731.46,704.0444713497295
2018-07-02,711.55,692.9631078228191
2018-07-03,694.92,680.5072574713008
2018-07-04,690.91,676.1227419458869
2018-07-05,702.39,683.4039681620397
2018-07-06,714.12,689.3032658022086
2018-07-09,727.24,697.2864194297117
2018-07-10,725.76,699.8525241558826
2018-07-11,719.58,695.6341131543377
2018-07-12,737.54,707.2381377164386
2018-07-13,746.99,713.9016056890459
2018-07-16,754.68,716.5159265141197
2018-07-17,742.43,708.3220669563233
2018-07-18,737.44,704.2470948419821
2018-07-19,740.95,706.1017977082114
2018-07-20,741.13,709.1556886720842
2018-07-23,732.07,704.4561889170716
2018-07-24,745.4,711.5211597309324
2018-07-25,743.81,710.5839225523454
2018-07-26,735.62,704.6764699047404
2018-07-27,738.56,704.4083637910576
2018-07-30,719.21,691.5570368538954
2018-07-31,726.44,695.0821376344738
2018-08-01,714.94,688.5218593053067
2018-08-02,695.84,677.4846069621683
2018-08-03,678.99,668.6955452911075
2018-08-06,669.68,664.9135690924463
2018-08-07,686.28,676.7148430620563
2018-08-08,676.22,669.2377786185032
2018-08-09,691.88,680.2118802504074
2018-08-10,687.18,681.0528663658241
2018-08-13,679.22,679.9783804061581
2018-08-14,680.13,681.583029717445
2018-08-15,662.8,670.4412523793875
2018-08-16,648.44,660.948531726473
2018-08-17,634.86,651.6027894272562
2018-08-20,644.79,660.0298531312918
2018-08-21,671.49,675.6535848142559
2018-08-22,667.7,677.3026630538224
2018-08-23,670.21,678.2551167419946
2018-08-24,660.3,671.7355388299984
2018-08-27,687.3,686.7577366683972
2018-08-28,681.0,684.638101017995
2018-08-29,685.85,685.0365796136699
2018-08-30,680.4,682.8204566408293
2018-08-31,659.19,674.7270863471856
2018-09-03,666.21,676.4192007667289
2018-09-04,675.04,681.8006237749919
2018-09-05,657.79,668.6579024704877
2018-09-06,644.0,659.422111130171
2018-09-07,650.97,664.1512435620548
2018-09-10,644.8,660.5733102708131
2018-09-11,646.0,661.9102293270971
2018-09-12,630.0,651.4931168131295
2018-09-13,631.98,654.3735862845884
2018-09-14,642.9,662.6775916702813
2018-09-17,645.81,665.2943297786339
2018-09-18,666.7,679.8124386545387
2018-09-19,681.42,688.4497541856209
2018-09-20,678.55,689.6647047968338
2018-09-21,700.01,704.9013610920329
2018-09-25,697.02,702.7228656382553
2018-09-26,724.93,715.6962829453324
2018-09-27,724.0,716.2583305290026
2018-09-28,730.0,723.0015600331748
2018-10-09,695.0,701.1881533908504
2018-10-10,670.92,685.640624148327
2018-10-11,644.99,668.7949507526234
2018-10-12,668.0,684.942165848442
2018-10-15,666.9,684.7650415841422
2018-10-16,667.14,685.7306014794268
2018-10-17,665.72,682.8483355166389
2018-10-18,645.94,672.5671522557628
2018-10-19,670.0,691.0870025483729
2018-10-22,693.0,698.6816828539332
2018-10-23,641.74,665.5773452522201
2018-10-24,636.99,655.8000078442094
2018-10-25,619.0,646.2081423177251
2018-10-26,610.1,644.7945791439112
2018-10-29,549.09,602.1386677999584
2018-10-30,524.0,579.7045573996193
2018-10-31,548.9,592.2544121901173
2018-11-01,563.0,603.305968782899
2018-11-02,599.9,630.4647737427342
2018-11-05,575.8,617.1784794899274
2018-11-06,566.0,608.0620945837487
2018-11-07,566.4,606.7681874065298
2018-11-08,570.34,609.6061124605176
2018-11-09,562.0,606.2716558154585
2018-11-12,552.0,600.773295674672
2018-11-13,570.0,615.0019825235074
2018-11-14,555.1,606.7880036667063
2018-11-15,559.7,610.6233303499922
2018-11-16,560.0,611.705972271959
2018-11-19,569.02,617.8809342201254
2018-11-20,561.6,615.0404439773474
2018-11-21,564.7,614.9633893849136
2018-11-22,564.5,612.6212952762106
2018-11-23,556.9,604.6824434598103
2018-11-26,552.11,600.7345541547123
2018-11-27,548.1,596.9960849647156
2018-11-28,557.0,602.9700553712112
2018-11-29,551.6,598.0265138969102
2018-11-30,565.0,605.04554610292
2018-12-03,601.2,626.324288276309
2018-12-04,602.23,631.1981044915004
2018-12-05,610.1,631.740403546241
2018-12-06,591.8,618.981355516662
2018-12-07,587.0,614.8023078766699
2018-12-10,577.23,612.7378672907589
2018-12-11,582.99,619.118636386501
2018-12-12,589.0,622.6115186141029
2018-12-13,601.75,629.2767212631035
2018-12-14,592.96,624.9817816953445
2018-12-17,590.52,624.1688612066977
2018-12-18,590.94,625.8448972351564
2018-12-19,577.8,618.9428784537032
2018-12-20,574.5,615.7485588304969
2018-12-21,567.41,611.2272526527399
2018-12-24,568.0,611.6433843711027
2018-12-25,565.79,609.2012625483322
2018-12-26,560.08,604.2143898482034
2018-12-27,563.0,609.2188757360947
2018-12-28,590.01,630.9211231992914
2019-01-02,598.98,636.5186569052927
2019-01-03,590.0,629.9106274330662
2019-01-04,602.0,637.659646111509
2019-01-07,605.49,639.4442619594524
2019-01-08,604.79,642.2567499714136
2019-01-09,616.12,651.207754031293
2019-01-10,618.77,656.0997045497796
2019-01-11,635.88,667.8586286657076
2019-01-14,624.6,664.8093301625969
2019-01-15,659.98,685.178408690619
2019-01-16,661.1,685.8663858192339
2019-01-17,659.25,684.651828575944
2019-01-18,683.61,700.1765078465127
2019-01-21,686.98,702.0011933000814
2019-01-22,671.0,691.8211035342192
2019-01-23,665.66,686.5818187376157
2019-01-24,672.5,690.4674569014015
2019-01-25,679.7,696.9582099800174
2019-01-28,677.0,692.4456053114303
2019-01-29,685.0,696.4682303125959
2019-01-30,676.0,692.8879970380522
2019-01-31,689.6,703.7227271221932
2019-02-01,692.67,709.4460560460319
2019-02-12,717.92,726.5013232006746
2019-02-13,735.25,740.5152120079277
2019-02-14,737.16,745.7917387186403
2019-02-15,724.78,738.3241383654292
2019-02-18,740.0,752.2745296081548
2019-02-19,730.76,744.3352452502727
2019-02-20,722.0,739.3088342832527
2019-02-21,720.25,738.2622040277716
2019-02-22,726.01,743.4308649651041
2019-02-25,742.33,749.1362365419416
2019-02-26,727.35,739.9819807317283
2019-02-27,740.7,750.4283311781309
2019-02-28,755.01,761.382580876257
2019-03-01,789.3,783.6679158901763
2019-03-04,781.86,779.8922343895449
2019-03-05,779.78,776.2762668743692
2019-03-06,768.0,769.8844529398647
2019-03-07,748.6,757.114405687676
2019-03-08,737.5,750.7207314386437
2019-03-11,758.54,763.2357344462081
2019-03-12,745.01,758.1567499536673
2019-03-13,754.0,766.5075863601079
2019-03-14,778.0,783.3223936629843
2019-03-15,777.3,781.0812974135054
2019-03-18,810.09,801.7754438395374
2019-03-19,792.61,789.643442300961
2019-03-20,792.8,787.7574655687888
2019-03-21,785.75,783.5340914196125
2019-03-22,794.0,788.9419635864733
2019-03-25,775.6,778.9765129122031
2019-03-26,773.0,776.659881092705
2019-03-27,788.5,789.8963495350121
2019-03-28,806.8,806.3173984185611
2019-03-29,853.99,840.2934184218796
2019-04-01,859.0,850.5267308555749
2019-04-02,850.0,845.913654839958
2019-04-03,844.5,843.7364068068449
2019-04-04,865.0,856.8911755451992
2019-04-08,900.2,871.7905778863866
2019-04-09,905.0,874.2975782253042
2019-04-10,947.99,902.9577482067128
2019-04-11,925.2,893.7856211720348
2019-04-12,914.0,887.3591902776942
2019-04-15,907.0,885.7368045039135
2019-04-16,939.9,904.9404059062083
2019-04-17,952.0,914.8702993283272
2019-04-18,945.5,914.9750686302121
2019-04-19,952.56,921.7608332796689
2019-04-22,949.2,920.6356750079866
2019-04-23,974.95,937.9002479766043
2019-04-24,970.0,936.5418652410347
2019-04-25,952.37,925.8746800586391
2019-04-26,945.0,920.4654589698894
2019-04-29,971.97,940.8407560738393
2019-04-30,974.0,944.121968905512
2019-05-06,906.0,907.1556247809228
2019-05-07,890.0,897.4428143655232
2019-05-08,884.4,891.9755965526136
2019-05-09,858.81,876.473355990437
2019-05-10,907.12,908.6147708319161
2019-05-13,892.0,903.3586128408195
2019-05-14,886.57,905.3222420227844
2019-05-15,927.0,931.7749048044428
2019-05-16,929.91,933.5488740955027
2019-05-17,906.79,920.8405557231176
2019-05-20,884.96,906.9074213684797
2019-05-21,895.0,911.6519394253227
2019-05-22,888.0,908.4425618687037
2019-05-23,861.0,891.7847954523378
2019-05-24,878.5,900.9550775975796
2019-05-27,879.0,907.8068002531788
2019-05-28,888.0,915.3979960555797
2019-05-29,911.91,930.8661469169032
2019-05-30,905.3,928.0108474415372
2019-05-31,890.0,920.142279726188
2019-06-03,892.0,920.5328154594206
2019-06-04,875.3,911.9653847816974
2019-06-05,871.6,907.2860882664834
2019-06-06,862.13,900.150236303205
2019-06-10,871.08,908.43870219498
2019-06-11,910.89,935.0009461469359
2019-06-12,906.7,933.8016686279863
2019-06-13,910.0,936.5967767317736
2019-06-14,913.0,939.7445983478433
2019-06-17,911.6,937.3122868024203
2019-06-18,917.0,941.6059322521052
2019-06-19,932.01,952.6481414482181
2019-06-20,975.0,980.8699247929471
2019-06-21,976.3,985.6580299221282
2019-06-24,987.1,993.8724202829302
2019-06-25,982.98,994.9800346298407
2019-06-26,979.86,990.6083691527182
2019-06-27,996.35,999.7134378946057
2019-06-28,984.0,994.0362663707266
2019-07-01,1031.86,1025.5486194273738
2019-07-02,1025.0,1018.6018115628798
2019-07-03,987.9,994.7410665900373
2019-07-04,981.2,989.2330468806589
2019-07-05,999.82,1002.9238372975565
2019-07-08,984.86,994.3036093675315
2019-07-09,976.06,987.3427278418338
2019-07-10,982.52,993.3865266821966
2019-07-11,981.5,993.3690119266297
2019-07-12,986.09,1000.2291347777839
2019-07-15,975.93,996.3377258098716
2019-07-16,968.0,988.9782830784261
2019-07-17,963.5,984.1809796326694
2019-07-18,947.5,975.1139067918167
2019-07-19,955.87,982.8351954420125
2019-07-22,957.02,983.435165456801
2019-07-23,953.98,983.4580079463389
2019-07-24,946.36,977.9756973620963
2019-07-25,963.0,986.546737278728
2019-07-26,965.03,986.157155201812
2019-07-29,976.41,988.7169216515911
2019-07-30,978.93,989.465534346564
2019-07-31,972.6,987.4541961703486
2019-08-01,959.3,979.4066149283442
2019-08-02,954.45,973.3748968586275
2019-08-05,942.43,962.5482626860062
2019-08-06,946.3,963.1263999696249
2019-08-07,945.0,963.2752684009977
2019-08-08,971.68,977.8003983531676
2019-08-09,962.03,973.7725832898291
2019-08-12,1018.63,1014.7570163379751
2019-08-13,1017.95,1019.3524691193049
2019-08-14,1043.33,1036.6108107205648
2019-08-15,1044.9,1040.0272218963562
2019-08-16,1054.6,1043.2839301176116
2019-08-19,1055.88,1045.6846973808638
2019-08-20,1070.0,1057.0308787969698
2019-08-21,1066.0,1060.846139469962
2019-08-22,1104.0,1089.0019717628793
2019-08-23,1130.1,1106.4425003097545
2019-08-26,1102.95,1091.6007688700652
2019-08-27,1109.0,1097.3177232728206
2019-08-28,1100.11,1094.6452272538331
2019-08-29,1113.1,1104.8328912048116
2019-08-30,1142.0,1119.7243922516325
2019-09-02,1138.76,1120.3698571407433
2019-09-03,1140.0,1119.342605092056
2019-09-04,1125.01,1106.8019433370237
2019-09-05,1144.0,1115.395282435289
2019-09-06,1142.49,1116.7406295224966
2019-09-09,1136.52,1111.3247927921184
2019-09-10,1123.85,1108.0815591009707
2019-09-11,1069.52,1073.068159062592
2019-09-12,1099.0,1087.7087282728141
2019-09-16,1099.0,1087.3214764737272
2019-09-17,1094.01,1085.7313413871748
2019-09-18,1148.9,1115.566212606481
2019-09-19,1145.0,1117.3738249538628
2019-09-20,1157.42,1127.6233341768361
2019-09-23,1149.0,1125.1205969066646
2019-09-24,1184.0,1143.0242593881953
2019-09-25,1174.0,1135.9758345432783
2019-09-26,1167.0,1136.5543736077468
2019-09-27,1174.75,1143.122585725616
2019-09-30,1150.0,1129.2630698235637
2019-10-09,1146.81,1119.7077265552628
2019-10-10,1155.0,1124.3750198603657
2019-10-11,1174.6,1136.9803094986598
2019-10-14,1180.0,1142.5129976881478
2019-10-15,1211.0,1163.7382042940903
2019-10-16,1170.0,1142.6938248091085
2019-10-17,1183.33,1142.947607787175
2019-10-18,1175.79,1138.8737056483376
2019-10-21,1168.5,1134.9896203758167
2019-10-22,1170.8,1138.9400329915993
2019-10-23,1158.91,1126.2281561519608
2019-10-24,1150.27,1122.0557026139295
2019-10-25,1171.35,1132.5310589748644
2019-10-28,1178.29,1134.010720746884
2019-10-29,1193.0,1135.0972589122573
2019-10-30,1183.8,1130.5169786578183
2019-10-31,1180.01,1135.6574250780318
2019-11-01,1185.0,1147.5206419376377
2019-11-04,1199.59,1156.614843530919
2019-11-05,1199.0,1154.2469509628072
2019-11-06,1193.0,1149.7840855421498
2019-11-07,1201.37,1156.145806481138
2019-11-08,1205.0,1163.3448176474617
2019-11-11,1199.0,1163.7365719872819
2019-11-12,1201.6,1167.235538458108
2019-11-13,1224.0,1180.5624764668323
2019-11-14,1230.0,1187.1334648588129
2019-11-15,1224.9,1185.2284555760398
2019-11-18,1227.28,1186.1781586468578
2019-11-19,1232.32,1190.0765815473767
2019-11-20,1233.75,1190.67825875419
2019-11-21,1231.3,1187.756099334349
2019-11-22,1194.0,1168.599499919561
2019-11-25,1182.06,1158.485057116479
2019-11-26,1185.0,1157.8709933028626
2019-11-27,1189.95,1159.6169079936692
2019-11-28,1175.8,1157.2443231900752
2019-11-29,1129.0,1128.5767315543344
2019-12-02,1133.0,1135.6026639112447
2019-12-03,1118.0,1129.2291241768044
2019-12-04,1122.33,1132.462081473141
2019-12-05,1129.8,1138.1383809272459
2019-12-06,1170.0,1158.5318645541845
2019-12-09,1158.7,1151.1133951329537
2019-12-10,1164.4,1152.8303950666768
2019-12-11,1158.98,1147.1502267676894
2019-12-12,1137.0,1133.748282741888
2019-12-13,1163.0,1146.2050532301685
2019-12-16,1147.92,1137.7856383742746
2019-12-17,1169.98,1151.4152354583987
2019-12-18,1168.0,1151.2760109688622
2019-12-19,1157.4,1145.059040288363
2019-12-20,1146.3,1136.6255598957125
2019-12-23,1149.3,1138.0250764588877
2019-12-24,1148.0,1137.3898842855187
2019-12-25,1133.7,1125.4917893689721
2019-12-26,1135.1,1128.05781321699
2019-12-27,1163.0,1149.9469607801461
2019-12-30,1185.8,1164.4293300429968
2019-12-31,1183.0,1168.3701179411032
2020-01-02,1130.0,1135.969201116285
2020-01-03,1078.56,1099.5089286540535
2020-01-06,1077.99,1100.034528603216
2020-01-07,1094.53,1111.849725538785
2020-01-08,1088.14,1113.043757672095
2020-01-09,1102.7,1124.8165723308327
2020-01-10,1112.5,1135.5390459936636
2020-01-13,1124.27,1142.2983011618203
2020-01-14,1107.4,1135.8693631302094
2020-01-15,1112.13,1140.6492493411226
2020-01-16,1107.0,1136.07183270042
2020-01-17,1107.5,1138.5530977081478
2020-01-20,1091.0,1128.5985476384278
2020-01-21,1075.3,1113.8934504734316
2020-01-22,1075.51,1110.861104097101
2020-01-23,1052.8,1096.1553109308304
2020-02-04,1038.01,1089.6151218086577
2020-02-05,1049.99,1101.186063687993
2020-02-06,1071.0,1119.1833337696196
2020-02-07,1076.0,1120.1770898374086
2020-02-10,1066.49,1118.8152574747453
2020-02-11,1098.0,1143.3223843583328
2020-02-12,1097.27,1146.8344374955327
2020-02-13,1091.0,1141.1890713668872
2020-02-14,1088.0,1136.8978301400732
2020-02-17,1093.82,1136.7612488954055
2020-02-18,1084.0,1129.0545675591368
2020-02-19,1096.5,1136.0599694308057
2020-02-20,1118.0,1149.179358433803
2020-02-21,1112.88,1152.0076856950302
2020-02-24,1087.18,1134.354970514569
2020-02-25,1074.81,1127.7064178616472
2020-02-26,1073.7,1128.6339890443687
2020-02-27,1087.39,1137.367216609118
2020-02-28,1057.0,1125.2194535037072
2020-03-02,1086.01,1143.7515105564948
2020-03-03,1113.0,1160.4497630133037
2020-03-04,1128.92,1174.9370510641381
2020-03-05,1171.0,1202.3554574340092
2020-03-06,1155.5,1198.2292120954946
2020-03-09,1114.01,1171.3172564491858
2020-03-10,1156.0,1200.812676286077
2020-03-11,1158.52,1205.22009969006
2020-03-12,1138.5,1192.7062625582487
2020-03-13,1112.03,1174.00117685266
2020-03-16,1067.0,1146.5431421800856
2020-03-17,1045.1,1127.3845353214551
2020-03-18,1007.99,1104.5819051621775
2020-03-19,996.0,1098.66043053474
2020-03-20,1035.28,1124.944915353182
2020-03-23,1019.0,1113.6809217338011
2020-03-24,1056.0,1137.8965075900771
2020-03-25,1080.1,1155.7860528240083
2020-03-26,1064.92,1150.2668686114807
2020-03-27,1075.5,1160.92738731107
2020-03-30,1072.0,1164.9582715969063
2020-03-31,1111.0,1192.3073364752863
2020-04-01,1103.0,1193.1068390360194
2020-04-02,1145.0,1225.9636301264572
2020-04-03,1139.79,1232.7529511124987
2020-04-07,1159.95,1248.283784720959
2020-04-08,1159.76,1252.0371485554558
2020-04-09,1158.5,1250.9967505772618
2020-04-10,1165.0,1261.870066451553
2020-04-13,1162.3,1263.3952336254267
2020-04-14,1185.1,1280.556943103514
2020-04-15,1189.6,1289.4104088206618
2020-04-16,1197.1,1293.5380503464128
2020-04-17,1226.0,1315.4587160466328
2020-04-20,1227.3,1315.110519145762
2020-04-21,1200.0,1297.1056400949738
2020-04-22,1244.5,1328.2229116173153
2020-04-23,1252.26,1331.095165691835
2020-04-24,1250.56,1332.388729005861
2020-04-27,1276.0,1352.5097910963132
2020-04-28,1279.13,1358.2745342567998
2020-04-29,1274.9,1359.067434719589
2020-04-30,1265.7,1352.282814944571
2020-05-06,1300.0,1373.3460891650755
2020-05-07,1312.0,1382.8307350240957
2020-05-08,1314.61,1382.318242150912
2020-05-11,1323.01,1389.6239239290933
2020-05-12,1333.0,1405.5813501185808
2020-05-13,1335.95,1408.080607607385
2020-05-14,1326.59,1405.7414459887134
2020-05-15,1313.0,1397.7442950970078
2020-05-18,1346.21,1424.4435282985505
2020-05-19,1346.11,1425.1234155806758
2020-05-20,1351.0,1432.6774050199822
2020-05-21,1366.1,1441.1272773953183
2020-05-22,1328.2,1422.3551953683211
2020-05-25,1362.9,1450.2853759176712
2020-05-26,1358.0,1449.1233382581909
2020-05-27,1338.0,1437.8633489346694
2020-05-28,1344.0,1442.5600550209438
2020-05-29,1366.6,1463.5502271150665
2020-06-01,1419.5,1509.0405642891506
2020-06-02,1410.71,1505.979706974774
2020-06-03,1399.3,1498.273996683261
2020-06-04,1407.99,1504.126496740357
2020-06-05,1425.0,1519.5779632682977
2020-06-08,1406.1,1509.8292147865263
2020-06-09,1416.55,1520.3590394865828
2020-06-10,1423.66,1526.9146402295303
2020-06-11,1400.46,1510.1726201048443
2020-06-12,1416.37,1520.1293696783657
2020-06-15,1383.0,1499.977875394328
2020-06-16,1403.88,1509.3724970259261
2020-06-17,1405.0,1507.1131292485534
2020-06-18,1413.0,1509.1681386641794
2020-06-19,1439.84,1527.70814130297
2020-06-22,1439.0,1527.2625308006957
2020-06-23,1474.5,1555.6936819665557
2020-06-24,1460.01,1547.4015997381123
2020-06-29,1463.17,1551.1811218976811
2020-06-30,1462.88,1555.2610174297138
2020-07-01,1494.27,1582.9517068339467
2020-07-02,1544.0,1616.1297785775655
2020-07-03,1541.79,1612.6339148181885
2020-07-06,1600.0,1654.0220504492147
2020-07-07,1688.0,1713.7272091669984
2020-07-08,1681.34,1718.3648152958992
2020-07-09,1706.0,1732.6126016788776
2020-07-10,1713.85,1746.1176879178504
2020-07-13,1781.99,1798.7667627477865
2020-07-14,1762.0,1797.5110812584478
2020-07-15,1752.53,1788.9112966100172
2020-07-16,1614.0,1694.8023336245708
2020-07-17,1648.05,1690.834870090096
2020-07-20,1636.96,1686.9587062011271
2020-07-21,1668.0,1707.003590567368
2020-07-22,1678.08,1711.635633105387
2020-07-23,1676.0,1701.0774451512132
2020-07-24,1595.3,1647.9607469304162
2020-07-27,1622.55,1670.2668094807468
2020-07-28,1670.0,1702.6285549967715
2020-07-29,1672.0,1706.780983705715
2020-07-30,1680.0,1710.33914010455
2020-07-31,1678.18,1702.3671555583464
2020-08-03,1668.0,1701.604861935024
2020-08-04,1669.99,1704.9312529541783
2020-08-05,1668.0,1698.93904053619
2020-08-06,1637.96,1678.1521197975617
2020-08-07,1631.0,1672.287617643976
2020-08-10,1633.99,1685.2181250670938
2020-08-11,1642.51,1695.8838137570876
2020-08-12,1626.95,1685.251365576168
2020-08-13,1635.0,1691.901119004688
2020-08-14,1661.0,1714.1192448964578
2020-08-17,1690.0,1730.473548432178
2020-08-18,1705.0,1738.8931416051764
2020-08-19,1687.0,1727.084785876936
2020-08-20,1664.0,1712.2015055095123
2020-08-21,1676.0,1715.7956894279978
2020-08-24,1696.35,1731.32576374432
2020-08-25,1727.0,1758.1039871123312
2020-08-26,1727.0,1760.346446382912
2020-08-27,1731.0,1765.8185029786482
2020-08-28,1757.0,1782.3534054414306
2020-08-31,1786.5,1803.7836263208467
2020-09-01,1801.98,1825.3723768042237
2020-09-02,1795.0,1822.4534727567586
2020-09-03,1793.0,1820.2854356630753
2020-09-04,1770.0,1809.7932906925457
2020-09-07,1723.5,1784.9508784367104
2020-09-08,1711.4,1779.8930467992611
2020-09-09,1688.0,1759.9947025182207
2020-09-10,1705.8,1774.6690801254001
2020-09-11,1733.0,1796.237387122289
2020-09-14,1766.0,1822.3966008699554
2020-09-15,1760.0,1818.7609230624457
2020-09-16,1725.1,1789.8987039675042
2020-09-17,1670.52,1757.791816186156
2020-09-18,1695.0,1776.250819056689
2020-09-21,1666.8,1759.9472699585942
2020-09-22,1665.69,1763.7955667952315
2020-09-23,1649.98,1748.2742433866645
2020-09-24,1629.32,1733.069942372526
2020-09-25,1635.11,1739.5973760396641
2020-09-28,1661.0,1770.150732964765
2020-09-29,1652.3,1767.8783328826514
2020-09-30,1668.5,1782.3218156680475
2020-10-12,1750.61,1840.5728149832478
2020-10-13,1739.0,1837.3971929261554
2020-10-14,1729.0,1830.8955298954993
2020-10-15,1725.0,1828.7576539873276
2020-10-16,1712.0,1818.166398790817
2020-10-19,1699.0,1812.7504379719253
2020-10-20,1734.0,1835.9938558417864
2020-10-21,1733.33,1837.978478819875
2020-10-22,1742.5,1842.4531073934722
2020-10-23,1715.33,1825.858220173228
2020-10-26,1643.0,1784.9338087090896
2020-10-27,1625.0,1771.916473986029
2020-10-28,1664.81,1800.2868595233551
2020-10-29,1676.0,1808.826158481959
2020-10-30,1670.02,1808.9987637708123
2020-11-02,1674.01,1814.878605158614
2020-11-03,1695.0,1829.1586451738358
2020-11-04,1699.58,1834.3602111257946
2020-11-05,1721.9,1849.1727062208934
2020-11-06,1700.62,1845.6362968863382
2020-11-09,1742.57,1876.4229116941895
2020-11-10,1745.0,1880.546847849551
2020-11-11,1731.35,1866.061848971632
2020-11-12,1734.79,1868.0689757222592
2020-11-13,1705.0,1846.9664857925027
2020-11-16,1730.05,1869.7109785218572
2020-11-17,1715.8,1862.805314643077
2020-11-18,1693.65,1851.6778254560659
2020-11-19,1720.19,1870.2285574700143
2020-11-20,1719.96,1867.3149373898893
2020-11-23,1790.21,1910.5806361408595
2020-11-24,1763.5,1895.707288448849
2020-11-25,1726.88,1869.5945551606642
2020-11-26,1734.39,1870.8724970959968
2020-11-27,1737.9,1870.8244756173146
2020-11-30,1713.91,1854.4824499150766
2020-12-01,1737.0,1884.3938271777224
2020-12-02,1738.01,1887.8793231800244
2020-12-03,1749.0,1896.4413793496321
2020-12-04,1793.11,1935.1945555668499
2020-12-07,1812.4,1950.1912706132518
2020-12-08,1850.0,1980.9676567675822
2020-12-09,1840.0,1985.0927043926672
2020-12-10,1832.9,1980.3056713632975
2020-12-11,1820.0,1974.4322818098037
2020-12-14,1829.0,1987.7160665553693
2020-12-15,1816.01,1988.1938654222995
2020-12-16,1840.0,2002.4800402257936
2020-12-17,1865.51,2013.1263294814373
2020-12-18,1845.0,1998.2848981273362
2020-12-21,1842.5,1999.364618216941
2020-12-22,1881.0,2023.971232993559
2020-12-23,1841.65,1995.6946247831022
2020-12-24,1830.34,1985.712314386885
2020-12-25,1830.0,1991.8345668551967
2020-12-28,1873.0,2018.5702023613421
2020-12-29,1867.0,2016.10100807548
2020-12-30,1933.0,2059.6738928678883
2020-12-31,1998.0,2105.8986395954726
2021-01-04,1997.0,2115.036103151489
2021-01-05,2059.45,2152.461402477891
2021-01-06,2100.0,2188.1458543209687
2021-01-07,2140.0,2215.7191268735287
2021-01-08,2090.0,2178.2137284864502
2021-01-11,2099.73,2189.861750430627
2021-01-12,2160.9,2231.33357272054
2021-01-13,2164.0,2242.532532117404
2021-01-14,2134.0,2220.3882000980902
2021-01-15,2082.0,2180.3372750023877
2021-01-18,2063.0,2168.962370531336
2021-01-19,2009.41,2133.6196239097017
2021-01-20,2040.63,2151.0311154946767
2021-01-21,2070.0,2175.016661004168
2021-01-22,2079.95,2180.9159580024966
2021-01-25,2175.0,2234.9956685951993
2021-01-26,2141.89,2215.1262140432978
2021-01-27,2089.0,2175.8053167161925
2021-01-28,2088.0,2169.963069889997
2021-01-29,2116.18,2188.2077409831486
2021-02-01,2109.32,2195.4575415749982
2021-02-02,2145.0,2210.7660944904005
2021-02-03,2189.91,2258.915270353962
2021-02-04,2320.85,2330.6181414998628
2021-02-05,2313.0,2335.725040926526
2021-02-08,2368.8,2365.6202938088118
2021-02-09,2456.43,2430.3185684637806
2021-02-10,2601.0,2541.6199530244544
2021-02-19,2460.0,2450.6932416428913
2021-02-22,2288.02,2341.5060194509038
2021-02-23,2307.0,2342.054312998054
2021-02-24,2189.0,2263.574559681299
2021-02-25,2150.0,2219.506984681175
2021-02-26,2122.78,2207.673233668872
2021-03-01,2158.0,2235.4729148460096
2021-03-02,2058.0,2176.9708726996582
2021-03-03,2140.0,2223.455896117027
2021-03-04,2033.0,2181.0471674396267
2021-03-05,2060.11,2188.648038061462
2021-03-08,1960.0,2112.7872755017233
2021-03-09,1936.99,2111.43709634454
2021-03-10,1970.01,2153.138315697813
2021-03-11,2048.0,2203.913873231273
2021-03-12,2026.0,2184.012574341463
2021-03-15,1975.45,2135.6916563362265
2021-03-16,2010.5,2157.0727442228886
2021-03-17,2030.36,2180.497450525534
2021-03-18,2069.7,2206.277234577402
2021-03-19,2010.0,2156.1528648188723
2021-03-22,1989.99,2120.135344823612
2021-03-23,1996.0,2128.292909567188
2021-03-24,1989.0,2116.6672843958436
2021-03-25,1971.0,2102.67983534437
2021-03-26,2013.0,2127.5677820054484
2021-03-29,2034.1,2138.745220089356
2021-03-30,2056.05,2155.1375935706783
2021-03-31,2009.0,2131.6559182266856
2021-04-01,2044.5,2168.619109137608
2021-04-02,2162.0,2262.08002353917
2021-04-06,2126.03,2234.0993731215576
2021-04-07,2061.0,2188.827536540128
2021-04-08,2070.0,2182.3324246246943
2021-04-09,2020.0,2141.3937701396476
2021-04-12,2008.89,2126.9220676296754
2021-04-13,2021.0,2144.5724530967805
2021-04-14,2047.0,2165.6516484618364
2021-04-15,2015.6,2151.240073155277
2021-04-16,2054.98,2175.3892153622332
2021-04-19,2088.0,2200.5666108276623
2021-04-20,2094.8,2201.8233250662097
2021-04-21,2080.0,2193.0048624778938
2021-04-22,2055.5,2180.864480042952
2021-04-23,2108.94,2212.5049785804135
2021-04-26,2077.82,2193.4875147616344
2021-04-27,2094.44,2200.2283711066034
2021-04-28,2042.0,2179.517402693082
2021-04-29,2026.36,2170.5618628997845
2021-04-30,2006.78,2157.320044297333
2021-05-06,1959.0,2114.936598574324
2021-05-07,1903.0,2069.6819971108557
2021-05-10,1879.03,2056.8508866654943
2021-05-11,1959.0,2115.2863304785806
2021-05-12,1984.0,2128.5511077946126
2021-05-13,1971.5,2123.4577952523546
2021-05-14,2009.85,2148.4797318668716
2021-05-17,2057.96,2180.698887991335
2021-05-18,2059.31,2187.8965324466963
2021-05-19,2049.0,2180.272924998883
2021-05-20,2058.88,2190.801326772755
2021-05-21,2042.1,2172.1049964632375
2021-05-24,2071.29,2192.9526474027125
2021-05-25,2194.5,2283.914357481126
2021-05-26,2220.0,2304.1330829284248
2021-05-27,2245.0,2320.1759243128377
2021-05-28,2230.0,2312.018744326172
2021-05-31,2218.0,2313.7819095566456
2021-06-01,2240.95,2346.7558868458373
2021-06-02,2222.0,2330.8526651242087
2021-06-03,2222.22,2333.192996390645
2021-06-04,2251.5,2347.9540864126075
2021-06-07,2271.0,2352.7452104467566
2021-06-08,2191.0,2302.0591669040327
2021-06-09,2199.5,2299.2114451727552
2021-06-10,2238.48,2323.891238901931
2021-06-11,2178.81,2285.7926407308
2021-06-15,2193.0,2291.388904448192
2021-06-16,2158.0,2264.9575790575877
2021-06-17,2156.91,2262.1405504507075
2021-06-18,2090.94,2221.8179291622096
2021-06-21,2081.64,2213.914676277982
2021-06-22,2074.97,2213.5470417136667
2021-06-23,2038.0,2187.801203341998
2021-06-24,2068.05,2206.165399181083
2021-06-25,2092.0,2229.535062735385
2021-06-28,2103.01,2233.171886042201
2021-06-29,2062.0,2205.2214070641207
2021-06-30,2056.7,2196.087223589061
2021-07-01,2105.0,2236.1324724826068
2021-07-02,2013.0,2192.6116609840624
2021-07-05,1994.0,2177.6223022952295
2021-07-06,2012.9,2196.3075816054597
2021-07-07,2004.0,2189.1778192255147
2021-07-08,1985.0,2174.6318172497813
2021-07-09,1972.11,2159.815852364287
2021-07-12,1961.0,2158.399704939804
2021-07-13,1982.9,2183.007702670397
2021-07-14,1962.0,2169.9441721127405
2021-07-15,1997.99,2174.773309980302
2021-07-16,1955.9,2129.237663797442
2021-07-19,1975.0,2133.5347481082895
2021-07-20,1980.0,2137.0169021871334
2021-07-21,1969.0,2124.8461310632415
2021-07-22,1940.01,2099.0112655698995
2021-07-23,1900.0,2058.841285543769
2021-07-26,1804.11,1991.9152276671746
2021-07-27,1712.89,1937.9662323481082
2021-07-28,1768.9,1953.7734735492265
2021-07-29,1749.79,1933.8708949366217
2021-07-30,1678.99,1884.6601840369478
2021-08-02,1755.0,1928.4862340391326
2021-08-03,1749.3,1926.5931919891616
2021-08-04,1724.0,1908.188681361268
2021-08-05,1699.0,1889.769540915229
2021-08-06,1671.0,1862.706510668982
2021-08-09,1693.8,1880.0377926735828
2021-08-10,1799.0,1942.3933660247335
2021-08-11,1750.5,1906.83587328634
2021-08-12,1690.0,1873.983281676697
2021-08-13,1700.04,1875.6677348005192
2021-08-16,1699.2,1869.5235307227956
2021-08-17,1635.0,1832.2865379404122
2021-08-18,1620.0,1811.4129349258471
2021-08-19,1619.97,1799.4566786397033
2021-08-20,1548.0,1741.2888921013823
2021-08-23,1570.19,1754.3257447571095
2021-08-24,1625.18,1796.9467762175166
2021-08-25,1665.02,1823.6415681817352
2021-08-26,1595.0,1779.4688225299901
2021-08-27,1596.03,1777.5838548242505
2021-08-30,1586.0,1773.3638102642822
2021-08-31,1558.0,1761.6278969063499
2021-09-01,1622.01,1810.2863213930584
2021-09-02,1618.8,1807.6405823122072
2021-09-03,1658.22,1836.7965633156678
2021-09-06,1670.67,1838.1968063179638
2021-09-07,1669.0,1836.192799623398
2021-09-08,1633.1,1805.9985572941916
2021-09-09,1634.08,1809.8071500609171
2021-09-10,1662.58,1837.3923178235586
2021-09-13,1654.0,1834.5603712721645
2021-09-14,1657.0,1841.6237171575626
2021-09-15,1615.74,1815.359509995281
2021-09-16,1638.07,1818.000185476836
2021-09-17,1686.0,1847.687268938614
2021-09-22,1637.69,1809.5486773978218
2021-09-23,1635.0,1803.3634458733482
2021-09-24,1694.0,1842.9827820850621
2021-09-27,1855.0,1941.926017841787
2021-09-28,1822.06,1934.2907118569824
2021-09-29,1820.0,1929.7756512505864
2021-09-30,1830.0,1937.559331835818
2021-10-11,1867.12,1958.7914878644106
2021-10-12,1870.99,1963.4404141711213
2021-10-13,1929.9,1991.7257198555087
2021-10-14,1911.0,1986.3225469611134
2021-10-15,1916.97,1995.053443942399
2021-10-18,1800.0,1921.9219309319376
2021-10-19,1812.18,1926.478743828124
2021-10-20,1841.0,1939.1260095645703
2021-10-21,1844.0,1943.9854910893432
2021-10-22,1901.0,1981.2207948406196
2021-10-25,1873.03,1957.7415530743415
2021-10-26,1861.05,1942.3314098098085
2021-10-27,1819.0,1914.0521325984632
2021-10-28,1825.49,1916.3615250960477
2021-10-29,1826.08,1914.4903805720649
2021-11-01,1803.0,1920.5802249306773
2021-11-02,1804.64,1927.0664213110956
2021-11-03,1765.0,1905.772859539759
2021-11-04,1804.2,1934.002962324433
2021-11-05,1819.94,1955.1612953459298
2021-11-08,1820.1,1959.5462059358276
2021-11-09,1790.01,1935.9088774400957
2021-11-10,1753.99,1910.520994757534
2021-11-11,1769.6,1916.085018387626
2021-11-12,1773.78,1927.7097395788774
2021-11-15,1761.14,1920.5384482800466
2021-11-16,1808.0,1951.4711048422262
2021-11-17,1795.0,1939.6474380823788
2021-11-18,1792.0,1934.680373868448
2021-11-19,1828.41,1955.6424742264833
2021-11-22,1854.27,1974.341384237961
2021-11-23,1896.43,2010.5159760724634
2021-11-24,1941.0,2037.0291215526868
2021-11-25,1956.03,2053.9553023772933
2021-11-26,1941.01,2048.8255666976834
2021-11-29,1985.0,2067.7188420724947
2021-11-30,1930.77,2042.38592496262
2021-12-01,1932.99,2062.274683889192
2021-12-02,1934.0,2067.27857769194
2021-12-03,1971.88,2096.913321948572
2021-12-06,1967.3,2098.978822070453
2021-12-07,1955.87,2098.143715857024
2021-12-08,2043.0,2161.445093777214
2021-12-09,2086.55,2193.8190112396414
2021-12-10,2090.0,2201.083945838572
2021-12-13,2118.2,2222.539970425692
2021-12-14,2150.0,2245.7369288519194
2021-12-15,2135.0,2241.545404050578
2021-12-16,2118.99,2231.540565282971
2021-12-17,2050.7,2195.8982220468943
2021-12-20,2058.96,2185.542427982073
2021-12-21,2038.2,2178.2282416353005
2021-12-22,2048.0,2190.9970343451073
2021-12-23,2120.0,2236.014861617767
2021-12-24,2194.09,2295.751213777203
2021-12-27,2131.82,2263.7025252036174
2021-12-28,2138.18,2262.862691922065
2021-12-29,2041.0,2218.296916360703
2021-12-30,2075.0,2238.866331605
2021-12-31,2050.0,2232.859553694298
2022-01-04,2051.23,2231.42486986135
2022-01-05,2024.0,2216.322769383155
2022-01-06,1982.22,2182.232141111574
2022-01-07,1942.0,2142.018479379482
2022-01-10,1966.0,2147.0703411182376
2022-01-11,1940.55,2134.588599559493
2022-01-12,1967.0,2150.295634450998
2022-01-13,1877.39,2086.1681585221086
2022-01-14,1867.0,2064.0388564575815
2022-01-17,1861.61,2060.2677214623445
2022-01-18,1892.27,2075.6492364744067
2022-01-19,1912.0,2092.0474962024064
2022-01-20,1969.52,2131.7045075770066
2022-01-21,1984.99,2151.7275461031018
2022-01-24,1950.2,2119.574230911774
2022-01-25,1943.0,2109.725217145663
2022-01-26,1955.0,2112.0574526075047
2022-01-27,1965.0,2107.3614060711125
2022-01-28,1887.0,2053.666950326093
2022-02-08,1839.0,2024.0061389777256
2022-02-09,1895.98,2062.7360647393884
2022-02-10,1873.0,2053.493037071267
2022-02-11,1849.97,2033.1751554961538
2022-02-14,1868.67,2036.6392827525308
2022-02-15,1890.62,2036.1421688134103
2022-02-16,1892.55,2051.19995349779
2022-02-17,1886.99,2051.075915214853
2022-02-18,1907.0,2063.54939846919
2022-02-21,1876.99,2030.5496798648562
2022-02-22,1807.87,1984.957649133867
2022-02-23,1827.01,1987.1931325670453
2022-02-24,1764.11,1931.863054683148
2022-02-25,1799.06,1948.0143958727074
2022-02-28,1790.4,1934.3575868938826
2022-03-01,1858.48,1986.8864701612454
2022-03-02,1844.88,1978.6789840604833
2022-03-03,1800.0,1951.4623621513351
2022-03-04,1780.5,1940.5776872744527
2022-03-07,1707.0,1875.8617650888102
2022-03-08,1753.2,1895.393346402812
2022-03-09,1779.18,1924.5373023946916
2022-03-10,1794.43,1932.9902603283435
2022-03-11,1769.01,1920.9531571216148
2022-03-14,1700.0,1857.8954849543434
2022-03-15,1603.0,1798.7004336334332
2022-03-16,1674.95,1851.5589185595427
2022-03-17,1720.15,1890.8517851299819
2022-03-18,1707.79,1885.5117771747605
2022-03-21,1704.3,1868.7548252176512
2022-03-22,1695.0,1857.0237880262368
2022-03-23,1752.19,1895.5908782666345
2022-03-24,1720.93,1872.253360928413
2022-03-25,1690.0,1855.6318229417482
2022-03-28,1660.8,1837.3541149016924
2022-03-29,1667.0,1850.0815565691112
2022-03-30,1730.1,1895.249799659587
2022-03-31,1719.0,1895.5476733073804
2022-04-01,1780.01,1941.8446297097735
2022-04-06,1765.0,1929.6520764392299
2022-04-07,1765.0,1924.4809053370127
2022-04-08,1784.0,1935.9797134058704
2022-04-11,1720.0,1879.5947690834262
2022-04-12,1782.0,1927.1915867080345
2022-04-13,1769.0,1931.840595324811
2022-04-14,1809.0,1959.2160032616325
2022-04-15,1805.99,1959.9385768203613
2022-04-18,1790.82,1945.0769820543248
2022-04-19,1790.3,1944.8104823609638
2022-04-20,1797.0,1954.6517933199352
2022-04-21,1779.98,1942.7498122876357
2022-04-22,1773.0,1944.4992750503254
2022-04-25,1708.0,1890.141251270942
2022-04-26,1732.48,1905.318397423429
2022-04-27,1794.92,1944.6308971432607
2022-04-28,1835.0,1969.9916214287457
2022-04-29,1828.38,1972.1208556541778
2022-05-05,1837.0,1974.214842760823
2022-05-06,1793.0,1939.7369529915
2022-05-09,1752.0,1898.9127891010335
2022-05-10,1766.19,1920.816920043167
2022-05-11,1768.0,1924.161890378555
2022-05-12,1762.67,1926.5503354672912
2022-05-13,1778.24,1941.5892374126374
2022-05-16,1758.0,1925.5430130062098
2022-05-17,1768.0,1936.3056007781506
2022-05-18,1761.0,1929.872554351154
2022-05-19,1756.0,1927.5758304566757
2022-05-20,1800.01,1958.2345271087797
2022-05-23,1781.0,1937.3674133671489
2022-05-24,1760.0,1933.6308365071923
2022-05-25,1755.51,1938.672913157709
2022-05-26,1742.8,1936.8779976152764
2022-05-27,1755.16,1951.661217785026
2022-05-30,1778.41,1965.7605517373545
2022-05-31,1804.03,1991.6810547938258
2022-06-01,1788.25,1995.5958196074705
2022-06-02,1786.0,1997.7766756208746
2022-06-06,1788.0,1992.3142728787939
2022-06-07,1817.9,2011.7423037720055
2022-06-08,1865.6,2040.2598816292957
2022-06-09,1853.0,2046.5919317947141
2022-06-10,1900.6,2083.302226330791
2022-06-13,1856.0,2048.2133711227198
2022-06-14,1871.0,2063.8298638496885
2022-06-15,1875.1,2067.361534381313
2022-06-16,1877.0,2069.0974492287573
2022-06-17,1951.0,2112.1401232813073
2022-06-20,1942.02,2102.575568379546
2022-06-21,1945.74,2103.084186294219
2022-06-22,1936.0,2096.923162488408
2022-06-23,1957.1,2112.1213048672225
2022-06-24,2009.01,2153.4962877319304
2022-06-27,2010.55,2152.9250026137975
2022-06-28,2036.0,2168.2713378223107
2022-06-29,2030.0,2165.836022132059
2022-06-30,2045.0,2176.987772970055
2022-07-01,2029.05,2172.9268562436546
2022-07-04,2018.0,2165.073960218115
2022-07-05,2033.01,2175.1465220949704
2022-07-06,2002.0,2155.289303918839
2022-07-07,1990.0,2145.749573058107
2022-07-08,1999.0,2151.904660802001
2022-07-11,1963.6,2116.9582377725233
2022-07-12,1948.41,2111.0959719469884
2022-07-13,1958.89,2113.531803569487
2022-07-14,1953.0,2112.730053690944
2022-07-15,1949.5,2112.5963617340194
2022-07-18,1951.66,2108.79667450911
2022-07-19,1943.1,2101.4954495814554
2022-07-20,1950.1,2106.0581873542205
2022-07-21,1939.0,2095.021101408556
2022-07-22,1947.0,2101.2938804720784
2022-07-25,1944.65,2089.53401558436
2022-07-26,1950.21,2087.1338458205355
2022-07-27,1919.6,2070.693995100523
2022-07-28,1898.0,2058.0377742882038
2022-07-29,1898.44,2048.56455749882
2022-08-01,1890.3,2057.231683922065
2022-08-02,1879.98,2052.668620178771
2022-08-03,1885.0,2047.8570247760892
2022-08-04,1916.01,2071.7609486901742
2022-08-05,1923.96,2078.453746193589
2022-08-08,1911.53,2065.826989800719
2022-08-09,1910.0,2061.996006866736
2022-08-10,1876.0,2039.5713815010513
2022-08-11,1906.9,2056.9121217687284
2022-08-12,1928.0,2076.764086534183
2022-08-15,1919.89,2068.252293711656
2022-08-16,1917.84,2059.0018716849413
2022-08-17,1918.0,2055.1302332947134
2022-08-18,1895.5,2038.0838873259681
2022-08-19,1895.01,2036.7578536449755
2022-08-22,1893.98,2030.5832195942655
2022-08-23,1870.01,2017.4327405547006
2022-08-24,1854.2,2007.7385362356824
2022-08-25,1885.0,2024.2310827599767
2022-08-26,1898.0,2032.0084119855421
2022-08-29,1878.82,2028.1678420217238
2022-08-30,1870.0,2028.2235188690327
2022-08-31,1924.0,2061.935077966422
2022-09-01,1880.89,2044.5587248395188
2022-09-02,1875.0,2047.935515273301
2022-09-05,1835.0,2019.7128690550733
2022-09-06,1845.0,2022.9413725062561
2022-09-07,1818.01,1999.8026183304714
2022-09-08,1815.0,2000.193803747744
2022-09-09,1844.79,2026.406265673776
2022-09-13,1879.0,2050.4208199963796
2022-09-14,1869.0,2045.3990883020779
2022-09-15,1880.0,2051.5908895114035
2022-09-16,1859.0,2048.8755402766333
2022-09-19,1871.64,2057.460718555462
2022-09-20,1878.0,2062.8973642927526
2022-09-21,1848.0,2035.057989275956
2022-09-22,1820.81,2010.7974342427624
2022-09-23,1834.43,2023.0397322848341
2022-09-26,1863.0,2041.6911890326285
2022-09-27,1888.0,2063.594961266726
2022-09-28,1883.0,2056.9255581244615
2022-09-29,1880.35,2051.2266320906056
2022-09-30,1872.5,2044.7392207616742
2022-10-11,1779.99,1975.3756939650525
2022-10-12,1760.0,1941.6099303857116
2022-10-13,1699.99,1900.6013935908163
2022-10-14,1737.61,1926.0999167600305
2022-10-17,1718.5,1896.9231224605878
2022-10-18,1705.83,1879.5327431543453
2022-10-19,1648.0,1838.5543137948741
2022-10-20,1643.5,1822.8598607027425
2022-10-21,1624.0,1811.5395588646484
2022-10-24,1501.28,1713.1162456019752
2022-10-25,1479.75,1687.2575635139872
2022-10-26,1464.08,1664.3051935871144
2022-10-27,1401.0,1614.5897660330654
2022-10-28,1360.0,1582.7301368655162
2022-10-31,1350.0,1561.5524746254114
2022-11-01,1462.01,1647.4558650095623
2022-11-02,1471.96,1658.2810364892448
2022-11-03,1439.5,1647.3727170606383
2022-11-04,1516.57,1710.8947024782124
2022-11-07,1507.11,1702.5753121860837
2022-11-08,1484.88,1687.8507853748733
2022-11-09,1459.9,1665.3292325745804
2022-11-10,1475.0,1672.065417014274
2022-11-11,1528.15,1708.1335130568887
2022-11-14,1533.0,1715.8792815928953
2022-11-15,1588.0,1755.2332618138303
2022-11-16,1585.25,1754.136018115206
2022-11-17,1567.0,1738.3584721145883
2022-11-18,1567.13,1738.732989707878
2022-11-21,1519.98,1702.2905201201502
2022-11-22,1539.95,1717.8425425449248
2022-11-23,1549.0,1723.1498777573338
2022-11-24,1519.99,1704.6139881136503
2022-11-25,1522.01,1703.2810726412129
2022-11-28,1509.88,1699.1371101466236
2022-11-29,1599.0,1756.5892421265398
2022-11-30,1599.0,1764.3606734816333
2022-12-01,1630.8,1803.9951053254429
2022-12-02,1633.88,1821.8933150633145
2022-12-05,1664.9,1846.114633821893
2022-12-06,1688.0,1865.514775753579
2022-12-07,1684.0,1867.7556472292247
2022-12-08,1687.02,1879.2102876244614
2022-12-09,1730.0,1915.2374493125315
2022-12-12,1739.02,1925.6410743309941
2022-12-13,1750.0,1941.3789379260368
2022-12-14,1770.87,1958.2087835611296
2022-12-15,1786.99,1974.0847815774807
2022-12-16,1786.87,1969.9122973247781
2022-12-19,1773.0,1957.3284666449806
2022-12-20,1715.0,1922.6141850719944
2022-12-21,1739.0,1936.544668525887
2022-12-22,1768.0,1959.5766286975827
2022-12-23,1771.0,1970.1847640334004
2022-12-26,1742.06,1942.5244915794276
2022-12-27,1733.0,1933.2811942685312
2022-12-28,1733.0,1931.5356672848388
2022-12-29,1719.0,1922.1923894511197
2022-12-30,1727.0,1927.9789789545368
